id,category,title_en,title_bn,body_en,body_bn,tags,source_name,source_url,reviewed_by,reviewed_at,status
1,Eligibility,Can I donate blood if I have diabetes?,আমার ডায়াবেটিস থাকলে কি রক্ত দিতে পারব?,"Yes, if your diabetes is well-controlled by diet or oral medications. However, if you require insulin injections, you are permanently deferred from donating blood.","হ্যাঁ, যদি আপনার ডায়াবেটিস ডায়েট বা মুখে খাওয়ার ওষুধের মাধ্যমে নিয়ন্ত্রিত থাকে। তবে আপনি যদি ইনসুলিন ইনজেকশন নেন, তাহলে রক্ত দিতে পারবেন না।",diabetes;eligibility;insulin;medicine,"DGHS Bangladesh","https://dghs.gov.bd","Dr. Anisur Rahman","2026-09-25",APPROVED
2,Medicine,Can I donate blood after taking Aspirin?,অ্যাসপিরিন খাওয়ার পর রক্ত দেওয়া যাবে?,"Aspirin does not trigger deferral for standard whole blood donation. However, if you intend to donate Platelets, a mandatory 48-hour deferral applies due to platelet inhibition.","সাধারণ রক্ত (Whole blood) দেওয়ার ক্ষেত্রে অ্যাসপিরিন কোনো সমস্যা নয়। তবে আপনি যদি প্লাটিলেট দিতে চান, তাহলে অ্যাসপিরিন খাওয়ার পর অন্তত ৪৮ ঘণ্টা অপেক্ষা করতে হবে।",aspirin;medicine;platelets;deferral,"AABB Transfusion Standard","https://aabb.org","Dr. Anisur Rahman","2026-09-25",APPROVED
3,Recovery,What is the proper aftercare and recovery guideline?,রক্ত দেওয়ার পর রিকভারি গাইডলাইন কী?,"Rest for at least 15 minutes after donation. Drink plenty of fluids (water, juice) over the next 24 hours. Avoid heavy lifting, strenuous exercise, or standing for long periods today.","রক্ত দেওয়ার পর অন্তত ১৫ মিনিট বিশ্রাম নিন। আগামী ২৪ ঘণ্টা প্রচুর পরিমাণে তরল খাবার (পানি, জুস) পান করুন। আজ কোনো ভারী কাজ বা অতিরিক্ত ব্যায়াম করা থেকে বিরত থাকুন।",recovery;aftercare;guideline;rest,"WHO Blood Safety","https://who.int","Dr. Anisur Rahman","2026-09-25",APPROVED
4,Eligibility,What is the minimum age and weight to donate?,রক্ত দেওয়ার বয়স ও ওজনের নিয়ম কী?,"To donate blood, you must be between 18 and 60 years old and weigh at least 50 kg. You must also be in good general health with an optimal hemoglobin level.","রক্ত দিতে হলে আপনার বয়স ১৮ থেকে ৬০ বছরের মধ্যে হতে হবে এবং ওজন অন্তত ৫০ কেজি হতে হবে। এছাড়া শারীরিকভাবে সুস্থ এবং হিমোগ্লোবিনের মাত্রা সঠিক থাকতে হবে।",age;weight;eligibility;hemoglobin,"Bangladesh Blood Bank","https://dghs.gov.bd","Dr. Anisur Rahman","2026-09-25",APPROVED
5,Risk,What should I do if I feel dizzy after donating?,রক্ত দেওয়ার পর মাথা ঘুরলে কী করব?,"If you feel dizzy or lightheaded, immediately sit or lie down with your legs elevated. Drink water and rest until the feeling passes. If symptoms persist, seek medical help.","মাথা ঘুরলে বা খারাপ লাগলে সাথে সাথে শুয়ে পড়ুন এবং পা ওপরের দিকে তুলে রাখুন। পানি পান করুন এবং স্বাভাবিক না হওয়া পর্যন্ত বিশ্রাম নিন। সমস্যা বাড়লে ডাক্তারের পরামর্শ নিন।",dizzy;fainting;risk;side-effects,"Clinical Transfusion Guide","https://aabb.org","Dr. Anisur Rahman","2026-09-25",APPROVED
6,Deferral,How long must I wait after getting a tattoo or piercing?,ট্যাটু বা পিয়ার্সিং করার পর কতদিন রক্ত দেওয়া নিষেধ?,"You must wait at least 6 months after getting a tattoo, ear piercing, or body piercing before you can safely donate blood. This prevents the transmission of blood-borne infections.","ট্যাটু, নাক বা কান ফোঁড়ানোর পর অন্তত ৬ মাস রক্ত দেওয়া থেকে বিরত থাকতে হবে। এটি রক্তবাহিত যেকোনো ইনফেকশন প্রতিরোধ করার জন্য জরুরি।",tattoo;piercing;deferral;infection,"WHO Guidelines","https://who.int","Dr. Anisur Rahman","2026-09-25",APPROVED
7,Frequency,How many days remain before I can donate again?,কতদিন পর পর রক্ত দেওয়া যায়?,"For standard whole blood donation, a healthy individual can donate every 120 days (4 months). Platelets and plasma have different, shorter donation intervals.","একজন সুস্থ মানুষ প্রতি ১২০ দিন (৪ মাস) পর পর সাধারণ রক্ত (Whole blood) দিতে পারেন। তবে প্লাটিলেট বা প্লাজমা দেওয়ার নিয়ম ও বিরতি আলাদা।",interval;frequency;120 days;donation,"Bangladesh Blood Bank","https://dghs.gov.bd","Dr. Anisur Rahman","2026-09-25",APPROVED
8,Eligibility,Can I donate blood if I have high blood pressure?,উচ্চ রক্তচাপ থাকলে কি রক্ত দেওয়া যাবে?,"Yes, you can donate if your blood pressure is within safe limits (usually systolic below 180 and diastolic below 100) at the time of donation, even if you take BP medication.","হ্যাঁ, রক্ত দেওয়ার সময় আপনার রক্তচাপ যদি নিরাপদ মাত্রায় (সাধারণত সিস্টোলিক ১৮০ এবং ডায়াস্টোলিক ১০০ এর নিচে) থাকে, তবে আপনি রক্ত দিতে পারবেন, এমনকি যদি আপনি ওষুধও খান।",blood pressure;hypertension;medicine;eligibility,"Clinical Transfusion Guide","https://aabb.org","Dr. Anisur Rahman","2026-09-25",APPROVED
9,Deferral,Can I donate after recovering from Dengue?,ডেঙ্গু থেকে সুস্থ হওয়ার পর কবে রক্ত দেওয়া যাবে?,"After full recovery from Dengue fever, you must wait at least 1 month before donating blood. If you received a blood transfusion during treatment, the deferral is 6 months.","ডেঙ্গু জ্বর থেকে সম্পূর্ণ সুস্থ হওয়ার পর অন্তত ১ মাস অপেক্ষা করতে হবে। তবে চিকিৎসার সময় যদি আপনাকে রক্ত দেওয়া হয়ে থাকে, তবে ৬ মাস রক্ত দেওয়া নিষেধ।",dengue;fever;deferral;recovery,"DGHS Bangladesh","https://dghs.gov.bd","Dr. Anisur Rahman","2026-09-25",APPROVED
10,Tools,What is a blood bag and how is it used?,ব্লাড ব্যাগ কী এবং এটি কীভাবে কাজ করে?,"A blood bag is a sterile, medical-grade plastic container used to collect, process, and store blood safely. It contains anticoagulants to prevent the blood from clotting during storage.","ব্লাড ব্যাগ হলো একটি জীবাণুমুক্ত মেডিকেল-গ্রেড প্লাস্টিকের ব্যাগ, যা রক্ত সংগ্রহ ও সংরক্ষণে ব্যবহৃত হয়। রক্ত জমাট বাঁধা রোধ করার জন্য এর ভেতরে বিশেষ কেমিক্যাল (anticoagulant) থাকে।",tools;accessories;blood bag;storage,"AABB Transfusion Standard","https://aabb.org","Dr. Anisur Rahman","2026-09-25",APPROVED
11,App Guide,How to find a donor and post a request?,ডোনার খুঁজব কীভাবে এবং রিকোয়েস্ট দিব কীভাবে?,"To find a donor, go to the 'Blood Hub' tab and tap 'Search for Donor'. You can filter by blood group and location. To post an emergency request, tap 'Broadcast Emergency' and fill in the patient details.","ডোনার খুঁজতে 'Blood Hub' ট্যাবে গিয়ে 'Search for Donor' এ ট্যাপ করুন। আপনি ব্লাড গ্রুপ এবং লোকেশন দিয়ে ফিল্টার করতে পারবেন। ইমার্জেন্সি রিকোয়েস্ট দিতে 'Broadcast Emergency' তে ট্যাপ করে রোগীর তথ্য দিন।",search;request;find donor;help,"BloodPulse Guide","https://bloodpulse.app","Dr. Anisur Rahman","2026-09-25",APPROVED
12,Eligibility,Can I donate blood if I take Thyroid medicine?,থাইরয়েড থাকলে কি রক্ত দেওয়া যাবে?,"Yes, you can donate blood if your thyroid condition (hypothyroidism or hyperthyroidism) is stable and you feel well, even if you are taking routine oral medications like Thyroxine.","হ্যাঁ, আপনার থাইরয়েডের সমস্যা (হাইপো বা হাইপারথাইরয়েডিজম) যদি নিয়ন্ত্রণে থাকে এবং আপনি সুস্থ বোধ করেন, তবে থাইরক্সিনের মতো নিয়মিত ওষুধ খাওয়ার পরও রক্ত দিতে পারবেন।",thyroid;medicine;eligibility;hormone,"WHO Blood Safety","https://who.int","Dr. Anisur Rahman","2026-09-25",APPROVED
13,Deferral,Can I donate blood after having Jaundice?,জন্ডিস হওয়ার কতদিন পর রক্ত দেওয়া যায়?,"If you had Jaundice or Hepatitis A, you must wait at least 1 year after full recovery before donating blood. If you had Hepatitis B or C, you are permanently deferred from donating.","জন্ডিস বা হেপাটাইটিস এ হলে সম্পূর্ণ সুস্থ হওয়ার পর অন্তত ১ বছর অপেক্ষা করতে হবে। তবে আপনার যদি হেপাটাইটিস বি বা সি হয়ে থাকে, তবে আপনি আর কখনো রক্ত দিতে পারবেন না।",jaundice;hepatitis;deferral;liver,"AABB Standards","https://aabb.org","Dr. Anisur Rahman","2026-09-25",APPROVED
14,Information,How much blood is collected in one bag?,এক ব্যাগ রক্তে কত মিলি (ml) থাকে?,"A standard blood bag collects about 450 ml of blood. The human body contains about 5 liters of blood, so this is roughly 10% of your total blood volume, which replenishes quickly.","একটি স্ট্যান্ডার্ড ব্লাড ব্যাগে প্রায় ৪৫০ মিলি (ml) রক্ত সংগ্রহ করা হয়। মানুষের শরীরে প্রায় ৫ লিটার রক্ত থাকে, তাই এটি মোট রক্তের মাত্র ১০%, যা খুব দ্রুত পূরণ হয়ে যায়।",volume;ml;bag;amount;capacity,"DGHS Bangladesh","https://dghs.gov.bd","Dr. Anisur Rahman","2026-09-25",APPROVED
15,Eligibility,Can a female donate blood to a male?,ছেলে কি মেয়েকে বা মেয়ে কি ছেলেকে রক্ত দিতে পারবে?,"Yes, blood donation is completely gender-neutral. A female can safely donate to a male, and a male can donate to a female, as long as their blood groups are compatible.","হ্যাঁ, রক্তদান সম্পূর্ণ জেন্ডার-নিউট্রাল। ব্লাড গ্রুপ মিলে গেলে একজন মেয়ে নিরাপদে একজন ছেলেকে এবং একজন ছেলে একজন মেয়েকে রক্ত দিতে পারবেন। এতে কোনো সমস্যা নেই।",gender;male;female;boy;girl,"Clinical Transfusion Guide","https://aabb.org","Dr. Anisur Rahman","2026-09-25",APPROVED
16,Risk,Will I lose weight or become weak after donating blood?,রক্ত দিলে কি ওজন কমে যাবে বা দুর্বল হয়ে পড়ব?,"Donating blood does not cause long-term weight loss or weakness. You may feel slightly tired for a few hours, but your body replaces the lost fluids within 24 hours and red blood cells within a few weeks.","রক্ত দিলে দীর্ঘমেয়াদী ওজন কমে না বা দুর্বলতা আসে না। কয়েক ঘণ্টার জন্য হালকা ক্লান্তি লাগতে পারে, তবে আপনার শরীর ২৪ ঘণ্টার মধ্যে তরল এবং কয়েক সপ্তাহের মধ্যে লোহিত রক্তকণিকা পূরণ করে ফেলে।",weight loss;weakness;diet;myths,"WHO Blood Safety","https://who.int","Dr. Anisur Rahman","2026-09-25",APPROVED
17,App Guide,How to increase my Trust Score?,আমার ট্রাস্ট স্কোর (Trust Score) হাই করব কীভাবে?,"To increase your Trust Score, verify your email and phone number, upload a clear profile picture, complete your profile details (like NID or Student ID), and have a history of successful donations or valid requests.","ট্রাস্ট স্কোর বাড়াতে আপনার ইমেইল ও ফোন নম্বর ভেরিফাই করুন, পরিষ্কার প্রোফাইল পিকচার দিন, প্রোফাইলের তথ্য (যেমন NID বা স্টুডেন্ট আইডি) সম্পূর্ণ করুন এবং সফল রক্তদানের রেকর্ড রাখুন।",trust score;profile;verify;increase,"BloodPulse Guide","https://bloodpulse.app","Dr. Anisur Rahman","2026-09-25",APPROVED
18,Information,What is the Bombay Blood Group?,বোম্বে ব্লাড গ্রুপ (Bombay Blood Group) কী?,"The Bombay Blood Group is an extremely rare blood type. People with this group can only receive blood from another Bombay blood type donor. They cannot receive O, A, B, or AB blood.","বোম্বে ব্লাড গ্রুপ একটি অত্যন্ত বিরল রক্তের ধরন। এই গ্রুপের মানুষেরা শুধুমাত্র অন্য বোম্বে গ্রুপের ডোনারের থেকেই রক্ত নিতে পারবেন। তারা ও, এ, বি বা এবি গ্রুপের রক্ত নিতে পারেন না।",bombay;rare blood;group;oh,"AABB Standards","https://aabb.org","Dr. Anisur Rahman","2026-09-25",APPROVED
19,Eligibility,Can I donate blood if I have Asthma and use an inhaler?,অ্যাজমা থাকলে এবং ইনহেলার ব্যবহার করলে কি রক্ত দেওয়া যাবে?,"Yes, you can donate blood if your asthma is well-controlled, you have no symptoms on the day of donation, and you feel well. Using routine inhalers does not disqualify you.","হ্যাঁ, আপনার অ্যাজমা যদি নিয়ন্ত্রণে থাকে, রক্তদানের দিন কোনো শ্বাসকষ্ট না থাকে এবং আপনি সুস্থ বোধ করেন, তবে রক্ত দিতে পারবেন। ইনহেলার ব্যবহার করলে রক্ত দিতে কোনো বাধা নেই।",asthma;inhaler;breathing;eligibility,"Clinical Transfusion Guide","https://aabb.org","Dr. Anisur Rahman","2026-09-25",APPROVED
20,Deferral,How long to wait after taking Antibiotics?,অ্যান্টিবায়োটিক খাওয়ার পর কতদিন রক্ত দেওয়া নিষেধ?,"You must finish your entire prescribed course of antibiotics and wait at least 7 days after the last dose before donating blood. You must also be completely free of the infection.","আপনাকে অবশ্যই ডাক্তারের দেওয়া অ্যান্টিবায়োটিকের পুরো কোর্স শেষ করতে হবে এবং শেষ ডোজ খাওয়ার পর অন্তত ৭ দিন অপেক্ষা করতে হবে। ইনফেকশন পুরোপুরি ভালো না হওয়া পর্যন্ত রক্ত দেওয়া যাবে না।",antibiotic;medicine;infection;fever,"WHO Guidelines","https://who.int","Dr. Anisur Rahman","2026-09-25",APPROVED
21,App Guide,Why can't I see the donor's phone number?,ডোনার রিকোয়েস্ট এক্সেপ্ট করার আগে নাম্বার পাচ্ছি না কেন?,"For privacy and security, the donor's phone number is only revealed to you AFTER the donor officially taps 'Accept' on your request. If it shows 'Pending', you cannot see the number.","প্রাইভেসি এবং সিকিউরিটির জন্য, ডোনার যতক্ষণ না আপনার রিকোয়েস্ট অফিশিয়ালি 'Accept' করছেন, ততক্ষণ নাম্বার হাইড করা থাকে। স্ট্যাটাস 'Pending' থাকলে আপনি ডোনারের নাম্বার দেখতে পাবেন না।",phone;number;privacy;contact;pending,"BloodPulse Guide","https://bloodpulse.app","Dr. Anisur Rahman","2026-09-25",APPROVED
22,App Guide,How to increase the search radius for donors?,আমি আমার এরিয়াতে ডোনার পাচ্ছি না, সার্চ রেডিয়াস বাড়াব কীভাবে?,"If you cannot find a donor within your default 10km radius, go to the Blood Hub search filters. You can expand the search scope to 'District' or 'Division' to find donors further away.","আপনার ডিফল্ট ১০ কি.মি. রেডিয়াসের মধ্যে ডোনার না পেলে, Blood Hub এর সার্চ ফিল্টারে যান। সেখান থেকে আপনি সার্চের পরিধি 'District' বা 'Division' পর্যন্ত বাড়াতে পারবেন।",radius;search;distance;expand;filter,"BloodPulse Guide","https://bloodpulse.app","Dr. Anisur Rahman","2026-09-25",APPROVED
23,Eligibility,Can I donate blood if my hemoglobin is 11.5?,আমার হিমোগ্লোবিন ১১.৫, আমি কি রক্ত দিতে পারব?,"No, a hemoglobin level of 11.5 g/dL is too low for blood donation. The minimum required hemoglobin is 12.5 g/dL for females and 13.0 g/dL for males. Donating now may make you anemic.","না, ১১.৫ গ্রাম/ডেসিলিটার হিমোগ্লোবিন রক্ত দেওয়ার জন্য যথেষ্ট নয়। রক্ত দিতে হলে মেয়েদের ক্ষেত্রে অন্তত ১২.৫ এবং ছেলেদের ১৩.০ থাকতে হয়। এখন রক্ত দিলে আপনি রক্তশূন্যতায় ভুগতে পারেন।",hemoglobin;11.5;iron;anemia;eligibility,"WHO Blood Safety","https://who.int","Dr. Anisur Rahman","2026-09-25",APPROVED
24,Recovery,Can I go to the gym or lift weights after donating blood?,রক্ত দেওয়ার পর কি জিম করা বা ভারী জিনিস তোলা যাবে?,"No, you should avoid heavy weight lifting, strenuous gym workouts, or intense physical activities for at least 24 hours after donating blood to prevent dizziness or fainting.","না, রক্ত দেওয়ার পর অন্তত ২৪ ঘণ্টা জিম করা, ভারী জিনিস তোলা বা অতিরিক্ত পরিশ্রমের কাজ থেকে বিরত থাকতে হবে। নাহলে আপনার মাথা ঘুরতে পারে বা আপনি অজ্ঞান হয়ে যেতে পারেন।",gym;workout;lifting;exercise;recovery,"AABB Standards","https://aabb.org","Dr. Anisur Rahman","2026-09-25",APPROVED
25,Deferral,Can I donate blood if I took Paracetamol for a fever?,জ্বরের জন্য প্যারাসিটামল খেয়েছিলাম, এখন কি রক্ত দেওয়া যাবে?,"You should not donate blood if you have an active fever. You must wait at least 48 hours after your fever has completely subsided and you have stopped taking Paracetamol.","আপনার যদি জ্বর থাকে তবে রক্ত দেওয়া যাবে না। জ্বর পুরোপুরি সেরে যাওয়ার এবং প্যারাসিটামল খাওয়া বন্ধ করার পর অন্তত ৪৮ ঘণ্টা অপেক্ষা করতে হবে।",paracetamol;fever;medicine;deferral,"DGHS Bangladesh","https://dghs.gov.bd","Dr. Anisur Rahman","2026-09-25",APPROVED
26,Eligibility,Can I donate blood with low blood pressure (90/60)?,আমার প্রেসার সাধারণত লো (৯০/৬০) থাকে, আমি কি রক্ত দিতে পারব?,"A blood pressure of 90/60 is borderline. Usually, systolic should be between 90-180 and diastolic 50-100. The medical officer at the camp will check your BP and decide if it is safe for you.","৯০/৬০ রক্তচাপ একদম বর্ডারলাইনে আছে। সাধারণত সিস্টোলিক ৯০-১৮০ এবং ডায়াস্টোলিক ৫০-১০০ এর মধ্যে থাকতে হয়। ক্যাম্পের ডাক্তার আপনার প্রেসার মেপে সিদ্ধান্ত নেবেন এটি আপনার জন্য নিরাপদ কি না।",low bp;blood pressure;90/60;eligibility,"Clinical Transfusion Guide","https://aabb.org","Dr. Anisur Rahman","2026-09-25",APPROVED
27,Risk,Why is my arm swelling or bruising after donating blood?,রক্ত দেওয়ার পর আমার হাত ফুলে গেছে বা কালশিটে পড়েছে কেন?,"A small swelling or bruise (hematoma) can happen if blood leaks under the skin. Apply an ice pack for 10-15 minutes, rest your arm, and do not lift heavy objects. It will heal in a few days.","সুই ফোটানোর জায়গায় চামড়ার নিচে সামান্য রক্ত জমাট বাঁধলে ফুলে যেতে পারে বা কালশিটে (Hematoma) পড়তে পারে। সেখানে ১০-১৫ মিনিট বরফ দিন, হাত বিশ্রামে রাখুন এবং ভারী কিছু তুলবেন না। এটি কয়েকদিনের মধ্যে ঠিক হয়ে যাবে।",swelling;bruise;arm;pain;hematoma,"AABB Standards","https://aabb.org","Dr. Anisur Rahman","2026-09-25",APPROVED
28,Deferral,Can I donate blood after getting a Hepatitis B vaccine?,হেপাটাইটিস বি (Hepatitis B) এর ভ্যাকসিন নেওয়ার পর কি রক্ত দেওয়া যাবে?,"If you received a routine preventative Hepatitis B vaccine and have no symptoms, you can usually donate after 14 to 21 days. However, if given after an exposure, you are deferred for 1 year.","যদি আপনি সাধারণ প্রতিরোধমূলক হেপাটাইটিস বি ভ্যাকসিন নিয়ে থাকেন এবং সুস্থ থাকেন, তবে ১৪-২১ দিন পর রক্ত দিতে পারবেন। কিন্তু কোনো ভাইরাসের সংস্পর্শে আসার পর দিলে ১ বছর রক্ত দেওয়া নিষেধ।",vaccine;hepatitis b;deferral;injection,"WHO Guidelines","https://who.int","Dr. Anisur Rahman","2026-09-25",APPROVED
29,App Guide,Why is the live map or push notification delayed?,পুশ নোটিফিকেশন বা ম্যাপ রিয়েল-টাইমে আপডেট হতে লেট হচ্ছে কেন?,"Push notifications and map tracking depend on active internet and background sync. If your phone battery saver is on, it may delay updates. Ensure the app has autostart permissions.","পুশ নোটিফিকেশন এবং ম্যাপ ট্র্যাকিং আপনার ইন্টারনেট স্পিড এবং ব্যাকগ্রাউন্ড সিঙ্কের ওপর নির্ভর করে। আপনার ফোনে ব্যাটারি সেভার অন থাকলে আপডেট আসতে লেট হতে পারে। অ্যাপের 'Autostart' পারমিশন অন রাখুন।",notification;delay;map;tracking;slow,"BloodPulse Guide","https://bloodpulse.app","Dr. Anisur Rahman","2026-09-25",APPROVED
30,App Guide,What is the maximum file size for uploading a profile picture?,প্রোফাইল পিকচার বা মেডিকেল রিপোর্ট আপলোডের ম্যাক্সিমাম সাইজ কত?,"The maximum file size for uploading a profile picture or medical lab report is 5 MB. Please compress your image or PDF before uploading to ensure a successful submission.","প্রোফাইল পিকচার বা মেডিকেল ল্যাব রিপোর্ট আপলোডের সর্বোচ্চ সাইজ ৫ এমবি (5 MB)। সফলভাবে আপলোড করার জন্য ছবি বা পিডিএফ ফাইলটি কম্প্রেস করে নিন।",upload;file size;5mb;picture;error,"BloodPulse Guide","https://bloodpulse.app","Dr. Anisur Rahman","2026-09-25",APPROVED
31,App Guide,Not receiving OTP or Password Reset link?,ওটিপি (OTP) বা পাসওয়ার্ড রিসেট লিংক ইমেইলে আসছে না কেন?,"If you are not receiving the OTP or reset link, please check your internet connection and your email's Spam or Junk folder. Note that OTPs are rate-limited to 5 requests per hour to prevent spam.","আপনি যদি ওটিপি বা রিসেট লিংক না পান, তবে আপনার ইন্টারনেট কানেকশন এবং ইমেইলের স্প্যাম (Spam) বা জাঙ্ক ফোল্ডার চেক করুন। স্প্যাম রোধে প্রতি ঘণ্টায় সর্বোচ্চ ৫ বার ওটিপি রিকোয়েস্ট করা যায়।",otp;password;reset;spam;email,"BloodPulse Guide","https://bloodpulse.app","Dr. Anisur Rahman","2026-09-25",APPROVED
32,App Guide,Can I post multiple emergency requests at the same time?,আমি কি একসাথে একাধিক ইমার্জেন্সি রিকোয়েস্ট দিতে পারব?,"To prevent spam, users are limited to 1 active emergency request at a time. If your donor does not respond, you can cancel the current request and post a new one.","স্প্যাম ঠেকানোর জন্য একজন ইউজার একই সময়ে ১টির বেশি ইমার্জেন্সি রিকোয়েস্ট দিতে পারবেন না। আপনার ডোনার রেসপন্স না করলে, আগেরটি ক্যানসেল করে নতুন রিকোয়েস্ট দিতে পারবেন।",multiple;request;block;limit;active,"BloodPulse Guide","https://bloodpulse.app","Dr. Anisur Rahman","2026-09-25",APPROVED
33,Foundation,Who developed the BloodPulse app?,BloodPulse অ্যাপটি কে তৈরি করেছেন?,"BloodPulse was developed by Nasim Uddin Shawrab, a student of Computer Science and Engineering at BAUST (Bangladesh Army University of Science and Technology), as a modern clinical and emergency blood donation platform.","BloodPulse অ্যাপটি তৈরি করেছেন নাসিম উদ্দিন সৌরভ, যিনি বাংলাদেশ আর্মি ইউনিভার্সিটি অফ সায়েন্স অ্যান্ড টেকনোলজি (BAUST)-এর কম্পিউটার সায়েন্স অ্যান্ড ইঞ্জিনিয়ারিং বিভাগের একজন শিক্ষার্থী।",developer;founder;creator;nasim uddin shawrab;baust;cse;foundation,"BloodPulse Foundation","https://bloodpulse.app/about","Dr. Anisur Rahman","2026-09-25",APPROVED
