topic,question_en,answer_en,question_bn,answer_bn,sources
Donor Eligibility,What are the basic requirements to donate blood?,"You must be between 18 and 60 years old, weigh at least 50 kg, and be in good general health.",রক্ত দেওয়ার প্রাথমিক শর্তগুলো কী কী?,"আপনার বয়স ১৮ থেকে ৬০ বছরের মধ্যে হতে হবে, ওজন কমপক্ষে ৫০ কেজি হতে হবে এবং সাধারণ স্বাস্থ্য ভালো থাকতে হবে।",WHO Blood Donation Guidelines
Donor Eligibility,Can I donate blood if I have diabetes?,"Yes, if your diabetes is well-controlled by diet or oral medications. If you take insulin, you cannot donate.",আমার ডায়াবেটিস থাকলে কি রক্ত দিতে পারব?,"হ্যাঁ, যদি আপনার ডায়াবেটিস খাবার বা মুখে খাওয়ার ওষুধ দ্বারা নিয়ন্ত্রিত থাকে। ইনসুলিন নিলে আপনি রক্ত দিতে পারবেন না।",WHO Blood Donation Guidelines
Deferral Periods,How often can I donate blood?,"Males and females can typically donate every 120 days (4 months) in Bangladesh, subject to hemoglobin checks.",আমি কত দিন পর পর রক্ত দিতে পারব?,"বাংলাদেশে পুরুষ ও নারী সাধারণত প্রতি ১২০ দিন (৪ মাস) পর পর রক্ত দিতে পারেন, হিমোগ্লোবিনের মাত্রা ঠিক থাকা সাপেক্ষে।",Bangladesh National Blood Transfusion Service Guidelines
Deferral Periods,Can I donate blood after taking antibiotics?,"You must wait at least 7 days after completing a course of antibiotics and fully recovering from the infection.",অ্যান্টিবায়োটিক নেওয়ার পর কি রক্ত দেওয়া যাবে?,"অ্যান্টিবায়োটিক কোর্স শেষ হওয়ার পর এবং ইনফেকশন থেকে পুরোপুরি সুস্থ হওয়ার পর অন্তত ৭ দিন অপেক্ষা করতে হবে।",WHO Blood Donation Guidelines
Blood Types & Compatibility,Who can receive O negative blood?,"O negative blood is the universal donor type. It can be given to patients of any blood type in an emergency.",ও নেগেটিভ রক্ত কারা নিতে পারবেন?,"ও নেগেটিভ রক্ত হলো সার্বজনীন দাতা। জরুরি অবস্থায় এটি যেকোনো রক্তের গ্রুপের রোগীকে দেওয়া যায়।",AABB
Blood Types & Compatibility,What is the universal plasma donor type?,"AB positive is the universal plasma donor. Their plasma can be given to anyone.",সার্বজনীন প্লাজমা দাতা গ্রুপ কোনটি?,"এবি পজিটিভ হলো সার্বজনীন প্লাজমা দাতা। তাদের প্লাজমা যে কাউকে দেওয়া যেতে পারে।",AABB
Donation Process,How long does a blood donation take?,"The actual drawing of blood takes about 10-15 minutes, but the entire process including screening and resting takes about an hour.",রক্ত দিতে কতক্ষণ সময় লাগে?,"মূল রক্ত দেওয়ার প্রক্রিয়ায় প্রায় ১০-১৫ মিনিট সময় লাগে, তবে স্ক্রিনিং এবং বিশ্রামসহ পুরো প্রক্রিয়ায় প্রায় ১ ঘণ্টা সময় লাগে।",WHO Blood Donation Guidelines
Donation Process,Should I eat before donating blood?,"Yes, eat a healthy, low-fat meal within 2-3 hours before donating and drink plenty of water. Do not donate on an empty stomach.",রক্ত দেওয়ার আগে কি খাবার খাওয়া উচিত?,"হ্যাঁ, রক্ত দেওয়ার ২-৩ ঘণ্টা আগে স্বাস্থ্যকর, কম চর্বিযুক্ত খাবার খাবেন এবং প্রচুর পানি পান করবেন। খালি পেটে রক্ত দেবেন না।",WHO Blood Donation Guidelines
Recovery & Aftercare,What should I do immediately after donating blood?,"Rest for 10-15 minutes, drink extra fluids for the next 24 hours, and avoid strenuous physical activity or heavy lifting for the rest of the day.",রক্ত দেওয়ার পরপরই আমার কী করা উচিত?,"১০-১৫ মিনিট বিশ্রাম নিন, পরবর্তী ২৪ ঘণ্টায় প্রচুর পানি পান করুন এবং সারাদিন ভারী ব্যায়াম বা ভারী জিনিস তোলা থেকে বিরত থাকুন।",WHO Blood Donation Guidelines
Recovery & Aftercare,What foods should I eat to recover iron after donation?,"Eat iron-rich foods like red meat, spinach, beans, lentils, and fortified cereals, along with vitamin C to boost iron absorption.",রক্ত দেওয়ার পর আয়রনের ঘাটতি পূরণে কোন ধরনের খাবার খাওয়া উচিত?,"লাল মাংস, পালং শাক, শিম, ডাল এবং আয়রন-ফর্টিফাইড সিরিয়ালের মতো আয়রন-সমৃদ্ধ খাবার খাবেন। এর সাথে ভিটামিন সি যুক্ত খাবার খেলে আয়রন ভালোভাবে শোষিত হবে।",WHO Nutrition Guidelines
Request Process,How do I submit an emergency blood request?,"Go to the Emergency Hub, select 'Request Blood for Patient', fill in the details including hospital and urgency, and submit. You must be identity-verified.",জরুরি রক্তের অনুরোধ কীভাবে পাঠাব?,"ইমার্জেন্সি হাব-এ যান, 'রোগীর জন্য রক্ত অনুরোধ করুন' নির্বাচন করুন, হাসপাতাল এবং প্রয়োজনীয়তার বিবরণ পূরণ করে সাবমিট করুন। আপনাকে অবশ্যই আইডেন্টিটি-ভেরিফাইড হতে হবে।",BloodPulse App Guide
Emergency Procedures,When should I call an ambulance or 999 instead of waiting for a donor?,"If the patient is suffering from massive acute blood loss (e.g., severe accident, internal bleeding) causing shock, call 999 immediately. The hospital blood bank must dispense emergency O-negative blood.",ডোনারের জন্য অপেক্ষা না করে কখন অ্যাম্বুলেন্স বা ৯৯৯ এ কল করা উচিত?,"যদি রোগীর প্রচুর রক্তক্ষরণ (যেমন- মারাত্মক দুর্ঘটনা, অভ্যন্তরীণ রক্তক্ষরণ) হয় যা থেকে রোগী শকে চলে যাচ্ছে, তবে অবিলম্বে ৯৯৯ এ কল করুন। এ অবস্থায় হাসপাতালের ব্লাড ব্যাংক থেকে জরুরি ও-নেগেটিভ রক্ত সংগ্রহ করতে হবে।",Emergency Medical Protocols
FAQ,How is my privacy protected during live tracking?,"Live tracking is only visible between the matched donor and requester. Phone numbers are hidden until both parties accept, and location tracking stops automatically after the donation.",লাইভ ট্র্যাকিংয়ের সময় আমার গোপনীয়তা কীভাবে রক্ষা করা হয়?,"লাইভ ট্র্যাকিং শুধুমাত্র নির্দিষ্ট ডোনার এবং রিকোয়েস্টারের মধ্যে দৃশ্যমান থাকে। উভয় পক্ষ রাজি পণ্ডিত না হওয়া পর্যন্ত ফোন নম্বর গোপন থাকে এবং রক্ত দেওয়ার পর ট্র্যাকিং স্বয়ংক্রিয়ভাবে বন্ধ হয়ে যায়।",BloodPulse Privacy Policy
