question_en,question_bn,answer_en,answer_bn,category,confidence_score
"How long before next donation?","আমি কত দিন পর পর রক্ত দিতে পারব?","You can donate blood once every 90 days (13 weeks). This allows your body sufficient time to replenish red blood cells and iron stores.","আপনি প্রতি ৯০ দিন (১৩ সপ্তাহ) পর পর রক্ত দিতে পারবেন। এটি আপনার শরীরকে লোহিত রক্তকণিকা এবং আয়রন পূরণ করতে পর্যাপ্ত সময় দেয়।","eligibility",0.99
"What are the symptoms after donation and how to treat them?","রক্তদানের পর কী কী উপসর্গ হতে পারে এবং কী করব?","Common symptoms include mild dizziness, fatigue, and slight bruising at the puncture site. Rest for 15 minutes, drink plenty of fluids (juice, saline), avoid heavy physical work for 24 hours, and keep your feet elevated if dizzy.","সাধারণ উপসর্গের মধ্যে রয়েছে মৃদু মাথা ঘোরা, দুর্বলতা এবং সুঁচ ফোটার স্থানে হালকা দাগ। ১৫ মিনিট বিশ্রাম নিন, প্রচুর তরল (জুস, স্যালাইন) পান করুন, ২৪ ঘণ্টা ভারী কাজ এড়িয়ে চলুন এবং মাথা ঘুরলে পা উঁচু করে শুয়ে থাকুন।","recovery",0.98
"What is blood type compatibility for donation?","রক্তের গ্রুপের ম্যাচিং বা সামঞ্জস্যতা কেমন?","O- is the universal red blood cell donor (can give to all groups). O+ can donate to O+, A+, B+, AB+. AB+ is the universal receiver (can receive from all). AB- can receive from all negative groups.","ও নেগেটিভ (O-) সার্বজনীন লোহিত রক্ত দাতা (সবাইকে দিতে পারে)। ও পজিটিভ (O+) দিতে পারে O+, A+, B+, AB+ কে। এবি পজিটিভ (AB+) সার্বজনীন গ্রহীতা (সবার রক্ত নিতে পারে)। এবি নেগেটিভ (AB-) সব নেগেটিভ গ্রুপ থেকে নিতে পারে।","blood_science",0.99
"How do I submit an emergency blood request?","জরুরি রক্তের অনুরোধ কীভাবে করব?","Go to Blood Hub > Emergency > Personal Emergency, fill in patient name, required blood group, hospital location, and urgency level. Tap 'Broadcast Request' or 'Create Poster' to immediately reach nearby donors.","ব্লাড হাব > ইমার্জেন্সি > পার্সোনাল ইমার্জেন্সিতে যান, রোগীর নাম, রক্তের গ্রুপ, হাসপাতালের ঠিকানা ও প্রয়োজনীয়তার মাত্রা পূরণ করুন। এরপর 'Broadcast Request' বা 'Create Poster' এ ট্যাপ করে আশপাশের ডোনারদের কাছে পৌঁছান।","process",0.99
"How can I earn passive donor XP without donating?","রক্ত না দিয়ে কীভাবে প্যাসিভ ডোনার এক্সপি (XP) অর্জন করা যায়?","You can earn non-competitive XP ethically by: sharing the BloodPulse app (50 XP), reading health guides (25 XP), completing and updating your donor profile (10 XP), and sending direct supportive messages (5 XP).","রক্তদান না করেও আপনি নৈতিক উপায়ে এক্সপি পেতে পারেন: অ্যাপটি শেয়ার করে (৫০ XP), স্বাস্থ্য গাইড পড়ে (২৫ XP), প্রোফাইল তথ্য আপডেট করে (১০ XP), এবং সরাসরি সাহায্যকারী বার্তা পাঠিয়ে (৫ XP)।","gamification",0.95
"What are the basic requirements to donate blood?","রক্তদানের প্রাথমিক শর্তগুলো কী কী?","You must be aged 18 to 60, weigh at least 50 kg, have normal blood pressure and hemoglobin levels (at least 12.5 g/dL for females, 13.0 g/dL for males), and feel generally healthy.","আপনার বয়স ১৮ থেকে ৬০ বছরের মধ্যে হতে হবে, ওজন অন্তত ৫০ কেজি হতে হবে, রক্তচাপ ও হিমোগ্লোবিন স্বাভাবিক থাকতে হবে (নারীদের ক্ষেত্রে ১২.৫ এবং পুরুষদের ১৩.০ গ্রাম/ডিএল), এবং শারীরিকভাবে সুস্থ থাকতে হবে।","eligibility",0.99
"Can I donate blood if I have diabetes?","ডায়াবেটিস থাকলে কি রক্ত দেওয়া যায়?","Yes, if your diabetes is controlled through diet or oral medications. However, if you require insulin injections, you cannot donate blood.","হ্যাঁ, ডায়েট বা মুখে খাওয়ার ওষুধের মাধ্যমে ডায়াবেটিস নিয়ন্ত্রণে থাকলে রক্ত দেওয়া যায়। তবে ইনসুলিন ইনজেকশন নিতে হলে রক্ত দেওয়া যাবে না।","eligibility",0.98
"Can I donate blood after taking antibiotics?","অ্যান্টিবায়োটিক খাওয়ার পর কতদিন রক্ত দেওয়া নিষেধ?","You must finish the entire course of antibiotics and wait at least 7 days after the last dose, ensuring the infection has completely cleared.","অ্যান্টিবায়োটিকের পুরো কোর্স শেষ করার পর অন্তত ৭ দিন অপেক্ষা করতে হবে এবং ইনফেকশন পুরোপুরি ভালো হতে হবে।","deferral",0.98
"How long must I wait after getting a tattoo or piercing?","ট্যাটু বা পিয়ার্সিং করার কতদিন পর রক্ত দেওয়া যায়?","You must wait at least 6 months after receiving a tattoo, ear piercing, or body piercing to prevent the transmission of blood-borne infections.","রক্তবাহিত ইনফেকশন প্রতিরোধের জন্য ট্যাটু বা পিয়ার্সিং করার পর অন্তত ৬ মাস অপেক্ষা করতে হবে।","deferral",0.98
"Can I donate blood if I have high blood pressure?","উচ্চ রক্তচাপ থাকলে কি রক্ত দেওয়া যাবে?","Yes, as long as your blood pressure is well-controlled at the time of donation (systolic under 180 mmHg and diastolic under 100 mmHg), even if on daily BP medication.","হ্যাঁ, রক্তদানের সময় যদি রক্তচাপ স্বাভাবিক সীমায় থাকে (সিস্টোলিক ১৮০ এবং ডায়াস্টোলিক ১০০ এর নিচে), তবে ওষুধ খাওয়ার পরও রক্ত দেওয়া সম্ভব।","eligibility",0.97
"Can I donate blood after recovering from Dengue?","ডেঙ্গু জ্বর থেকে সুস্থ হওয়ার কতদিন পর রক্ত দেওয়া যাবে?","You must wait at least 1 month after full recovery from Dengue. If you received a platelet or blood transfusion during treatment, wait 6 months.","ডেঙ্গু জ্বর থেকে সম্পূর্ণ সুস্থ হওয়ার পর অন্তত ১ মাস অপেক্ষা করতে হবে। চিকিৎসার সময় রক্ত বা প্লাটিলেট নিয়ে থাকলে ৬ মাস অপেক্ষা করতে হবে।","deferral",0.98
"Can I donate blood if I take thyroid medication?","থাইরয়েডের ওষুধ খেলে কি রক্ত দেওয়া যাবে?","Yes, if your thyroid condition is stable and you feel well on routine replacement therapy like levothyroxine.","হ্যাঁ, থাইরয়েডের সমস্যা নিয়ন্ত্রণে থাকলে এবং নিয়মিত থাইরক্সিন জাতীয় ওষুধে সুস্থ বোধ করলে রক্ত দেওয়া যাবে।","eligibility",0.96
"Can I donate blood after having jaundice?","জন্ডিস হওয়ার কতদিন পর রক্ত দেওয়া যায়?","If you had Hepatitis A or simple jaundice, wait at least 1 year after full recovery. If you were diagnosed with Hepatitis B or C, you are permanently deferred.","হেপাটাইটিস এ বা সাধারণ জন্ডিস হলে সুস্থ হওয়ার অন্তত ১ বছর পর রক্ত দেওয়া যাবে। হেপাটাইটিস বি বা সি থাকলে কখনোই রক্ত দেওয়া যাবে না।","deferral",0.99
"How much blood is collected in one standard donation bag?","এক ব্যাগ রক্তে কতটুকু রক্ত থাকে?","A standard blood donation collects approximately 350 to 450 ml, which represents only about 8-10% of total adult blood volume and is rapidly replaced by the body.","একটি স্ট্যান্ডার্ড ব্লাড ব্যাগে প্রায় ৩৫০ থেকে ৪৫০ মিলি রক্ত সংগ্রহ করা হয়, যা একজন পূর্ণবয়স্ক মানুষের মোট রক্তের মাত্র ৮-১০% এবং শরীর তা দ্রুত পূরণ করে ফেলে।","blood_science",0.98
"Can a female donate blood to a male or vice versa?","নারী কি পুরুষকে অথবা পুরুষ কি নারীকে রক্ত দিতে পারে?","Yes, blood donation is completely gender-neutral. Compatibility depends solely on ABO and Rh blood groups, never on gender.","হ্যাঁ, রক্তদান সম্পূর্ণ জেন্ডার-নিরপেক্ষ। সামঞ্জস্যতা নির্ভর করে কেবল রক্তের গ্রুপ (ABO এবং Rh) এর ওপর, জেন্ডারের ওপর নয়।","blood_science",0.99
"Will donating blood make me permanently weak or lose weight?","রক্ত দিলে কি ওজন কমে বা স্থায়ী দুর্বলতা আসে?","No, donating blood does not cause long-term weakness or weight loss. Plasma volume replenishes within 24 hours and red blood cells regenerate within a few weeks.","না, রক্ত দিলে স্থায়ী দুর্বলতা বা ওজন কমে না। রক্তের তরল অংশ ২৪ ঘণ্টার মধ্যে এবং লোহিত রক্তকণিকা কয়েক সপ্তাহের মধ্যে পুনরায় তৈরি হয়।","myths",0.97
"How is my privacy protected during live donor tracking?","লাইভ ট্র্যাকিংয়ের সময় আমার প্রাইভেসি কীভাবে সুরক্ষিত থাকে?","GPS coordinates are fuzzed by 500 meters for privacy. Phone numbers remain masked until both donor and requester mutually accept, and tracking automatically terminates upon donation completion.","প্রাইভেসির জন্য জিপিএস লোকেশন ৫০০ মিটার ফাজ (Fuzz) করা থাকে। উভয় পক্ষ রাজি না হওয়া পর্যন্ত ফোন নম্বর গোপন থাকে এবং রক্তদান সম্পন্ন হলে ট্র্যাকিং বন্ধ হয়ে যায়।","privacy",0.99
"What should I eat before donating blood?","রক্তদানের আগে কী খাওয়া উচিত?","Eat a light, nutritious meal within 2 to 3 hours before donating and drink at least 500 ml of water or fluids. Never donate on an empty stomach.","রক্তদানের ২-৩ ঘণ্টা আগে পুষ্টিকর হালকা খাবার খান এবং অন্তত ৫০০ মিলি পানি বা তরল পান করুন। খালি পেটে রক্ত দেবেন না।","donation_guide",0.99
"What foods help replenish iron after donating blood?","রক্তদানের পর আয়রনের ঘাটতি পূরণে কোন খাবার খাওয়া উচিত?","Eat iron-rich foods such as spinach, lentils, beans, liver, lean red meat, and dates, combined with vitamin C (citrus fruits) for better absorption.","পালং শাক, ডাল, কলিজা, লাল মাংস এবং খেজুরের মতো আয়রন সমৃদ্ধ খাবার খান। সাথে লেবু বা ভিটামিন সি জাতীয় খাবার খেলে আয়রন দ্রুত শোষিত হয়।","recovery",0.97
"Can I go to the gym or do heavy lifting after donating?","রক্ত দেওয়ার পর কি জিম করা বা ভারী ব্যায়াম করা যাবে?","No, avoid intense workouts, heavy weightlifting, and strenuous physical exertion for at least 24 hours to prevent lightheadedness and vein injury.","না, রক্ত দেওয়ার পর অন্তত ২৪ ঘণ্টা ভারী ব্যায়াম, জিম বা অতিরিক্ত কায়িক পরিশ্রম থেকে বিরত থাকুন যাতে মাথা ঘোরা বা শিরার ক্ষতি না হয়।","recovery",0.98
"Can I donate blood if I have asthma?","অ্যাজমা বা হাঁপানি থাকলে কি রক্ত দেওয়া যাবে?","Yes, as long as your asthma is mild to moderate, well-managed with routine inhalers, and you have no active wheezing or breathlessness on the day of donation.","হ্যাঁ, ইনহেলার ব্যবহারের মাধ্যমে অ্যাজমা নিয়ন্ত্রণে থাকলে এবং রক্তদানের দিন শ্বাসকষ্ট না থাকলে রক্ত দেওয়া যাবে।","eligibility",0.96
"What is the Bombay Blood Group?","বোম্বে ব্লাড গ্রুপ কী?","Bombay blood group is an extremely rare blood phenotype (hh). Individuals with this group lack the H antigen and can only safely receive blood from another Bombay donor.","বোম্বে ব্লাড গ্রুপ একটি অত্যন্ত বিরল রক্তের গ্রুপ (hh)। এই গ্রুপের রক্তে এইচ অ্যান্টিজেন থাকে না এবং তারা কেবল অন্য বোম্বে গ্রুপের ডোনারের থেকেই রক্ত নিতে পারেন।","blood_science",0.99
"Can I donate blood while on my menstrual cycle?","মাসিক বা পিরিয়ড চলাকালীন কি রক্ত দেওয়া যাবে?","Yes, if you feel comfortable, are not experiencing heavy cramps or bleeding, and your hemoglobin is at or above 12.5 g/dL.","হ্যাঁ, যদি আপনি সুস্থ বোধ করেন, অতিরিক্ত রক্তক্ষরণ বা ব্যথা না থাকে এবং হিমোগ্লোবিনের মাত্রা ১২.৫ বা তার বেশি থাকে।","eligibility",0.96
"What should I do if the donor doesn't show up after accepting?","ডোনার রক্ত দিতে না আসলে বা নো-শো হলে কী করব?","The BloodPulse Wave Engine automatically detects inactivity and escalates the request to the next 5 nearest eligible standby donors within 10 minutes. You can also tap 'Report No-Show'.","ব্লাডপালসের ওয়েভ ইঞ্জিন ১০ মিনিট পর স্বয়ংক্রিয়ভাবে পরবর্তী ৫ জন নিকটস্থ স্ট্যান্ডবাই ডোনারের কাছে রিকোয়েস্ট পাঠায়। আপনি 'Report No-Show' এ ট্যাপ করতে পারেন।","wave_engine",0.99
"What is the standby donor fallback system?","স্ট্যান্ডবাই ডোনার ফলব্যাক সিস্টেম কী?","When an accepted donor cancels or fails to arrive within 10 minutes, the Wave Engine expands its search radius by 5 km and notifies the nearest eligible donors who haven't donated in 90 days.","যদি কোনো ডোনার ১০ মিনিটে না আসেন, তবে ওয়েভ ইঞ্জিন সার্চ রেডিয়াস ৫ কিমি বাড়িয়ে পরবর্তী ৯টি যোগ্য স্ট্যান্ডবাই ডোনারকে অগ্রাধিকার ভিত্তিতে নোটিফিকেশন পাঠায়।","wave_engine",0.99
"How do badges work in BloodPulse?","ব্লাডপালসে ব্যাজ বা সম্মাননা কীভাবে কাজ করে?","Donors earn non-competitive badges based on verified donations: Bronze Lifesaver (1-2 donations), Silver Lifesaver (3-5 donations), and Gold Lifesaver (6+ donations).","যাচাইকৃত রক্তদানের ভিত্তিতে ডোনাররা সম্মাননা ব্যাজ পান: ব্রোঞ্জ লাইফসেভার (১-২ বার), সিলভার লাইফসেভার (৩-৫ বার), এবং গোল্ড লাইফসেভার (৬+ বার)।","gamification",0.98
"Can I donate blood if I recently had a cold or mild fever?","সর্দি বা হালকা জ্বর থাকলে কি রক্ত দেওয়া যাবে?","No, you must wait until you are fully symptom-free for at least 48 hours without needing antipyretic or pain medications.","না, জ্বর বা সর্দি পুরোপুরি ভালো হওয়ার পর এবং ওষুধ ছাড়া অন্তত ৪৮ ঘণ্টা সুস্থ থাকার পর রক্ত দিতে পারবেন।","deferral",0.97
"How is my blood tested after collection?","রক্ত সংগ্রহের পর কী কী পরীক্ষা করা হয়?","Every collected unit is rigorously screened for infectious markers: HIV, Hepatitis B, Hepatitis C, Syphilis, and Malaria, along with confirmatory ABO and Rh typing.","প্রতিটি রক্তের ব্যাগে এইচআইভি, হেপাটাইটিস বি ও সি, সিফিলিস এবং ম্যালেরিয়া স্ক্রিনিং করা হয় এবং রক্তের গ্রুপ পুনরায় নিশ্চিত করা হয়।","blood_science",0.99
"Can I smoke or drink alcohol before or after blood donation?","রক্তদানের আগে বা পরে কি ধূমপান বা অ্যালকোহল পান করা যাবে?","Avoid smoking for at least 2 hours before and after donation. Avoid alcohol consumption for 24 hours prior to donation and 12 hours afterward.","রক্তদানের ২ ঘণ্টা আগে ও পরে ধূমপান করবেন না। রক্তদানের ২৪ ঘণ্টা আগে এবং ১২ ঘণ্টা পর পর্যন্ত অ্যালকোহল পরিহার করুন।","donation_guide",0.96
"What should I do if bleeding restarts at the needle site?","সুঁচের স্থান থেকে আবার রক্ত পড়লে কী করব?","Apply firm, continuous pressure with a clean cotton ball or gauze and raise your arm above your heart for 5 minutes. If bleeding persists, consult medical personnel.","পরিষ্কার তুলা দিয়ে সরাসরি চাপ দিয়ে ধরে রাখুন এবং হাতটি হার্টের ওপরের দিকে ৫ মিনিট উঁচু করে রাখুন। রক্তপাত না থামলে চিকিৎসকের শরণাপন্ন হন।","recovery",0.97
"Why is my profile completion locked?","আমার প্রোফাইল কেন লক দেখাচ্ছে?","For donor safety and medical triage, Blood Hub and Profile actions require declaring your verified blood group, primary phone number, and district. Completing this unlocks full app access.","নিরাপত্তা ও দ্রুত যোগাযোগের স্বার্থে রক্তের গ্রুপ, ফোন নম্বর ও জেলা তথ্য প্রদান বাধ্যতামূলক। প্রোফাইল সম্পূর্ণ করলে পুরো অ্যাপ আনলক হবে।","auth",0.99
"How does the auto poster generator work?","অটো পোস্টার জেনারেটর কীভাবে কাজ করে?","When you submit an emergency request, tap 'Create Poster' to generate a social-ready 4:5 visual poster with patient needs, blood group, hospital, and watermark for WhatsApp and Facebook sharing.","ইমার্জেন্সি রিকোয়েস্টে 'Create Poster' এ ট্যাপ করলে রক্তের গ্রুপ, হাসপাতাল ও রোগীর তথ্য সম্বলিত ৪:৫ সাইজের সোশ্যাল পোস্টার তৈরি হয়, যা সহজেই শেয়ার করা যায়।","poster",0.99
"What happens if Gemini AI is temporarily unavailable in PulseAI?","পালস এআই তে জেমিনাই ব্যস্ত থাকলে কী হয়?","PulseAI instantly falls back to its 33-row verified clinical knowledge base and triage engine to answer your questions within 5 seconds with zero downtime.","জেমিনাই সাময়িকভাবে ব্যস্ত থাকলে পালস এআই তাৎক্ষণিকভাবে নিজস্ব মেডিকেল নলেজ বেস থেকে ৫ সেকেন্ডের মধ্যে নির্ভুল উত্তর প্রদান করে।","pulse_ai",0.99
