id,question_bn,question_en,answer_bn,answer_en,category,source,verified
34,আমি কত দিনের ব্যবধানে দুইবার রক্ত দান করতে পারি?,How often can I donate blood?,আপনি প্রতি ১২০ দিনের ব্যবধানে একবার রক্ত দান করতে পারেন। এটি আপনার শরীরকে নতুন রক্ত কোষ উৎপাদন করার সময় দেয়।,You can donate blood once every 120 days. This allows your body to regenerate new blood cells.,eligibility,BloodPulse Medical Guidelines,true
35,B ধরনের রক্ত O ধরনের রক্তের সাথে compatible?,Is B blood type compatible with O blood type?,B ধরনের রক্ত O ধরনের রক্তকে গ্রহণ করতে পারে কিন্তু B ধরনের রক্ত দিতে পারে না। O হল সর্বজনীন দাতা।,"B can receive from O, but O is the universal donor. B cannot donate to O.",blood_science,WHO Blood Compatibility Guidelines,true
36,রক্তদানের আগে আমার কি কিছু খাওয়া উচিত?,Should I eat before donating blood?,"হাঁ, দান করার আগে হালকা খাবার এবং তরল পদার্থ খান। এটি আপনাকে মাথা ঘোরা থেকে রক্ষা করে।","Yes, eat a light meal and drink fluids before donation. This prevents dizziness.",donation_guide,Red Crescent Medical Standards,true
37,রক্তদানের পর আমি কতটা দুর্বল বোধ করব?,How weak will I feel after donating?,বেশিরভাগ মানুষ ২৪ ঘন্টার মধ্যে স্বাভাবিক অনুভব করে। কিছু ক্লান্তি ৪৮ ঘন্টা পর্যন্ত থাকতে পারে।,Most people feel normal within 24 hours. Some fatigue may last up to 48 hours.,aftercare,Blood Bank Recovery Guidelines,true
38,আমার বয়স ১৮ এর নিচে থাকলে কি আমি রক্ত দান করতে পারি?,Can I donate if I'm under 18?,বাংলাদেশে রক্ত দানের ন্যূনতম বয়স ১৮ বছর। কিছু দেশে ১৬-১৭ বছর বয়সী অভিভাবক সম্মতিতে দান করতে পারে।,"In Bangladesh, the minimum age is 18 years. Some countries allow 16-17 year-olds with parental consent.",eligibility,Ministry of Health Bangladesh,true
39,যদি আমার ওজন খুব কম হয় তাহলে কি আমি রক্ত দান করতে পারি?,Can I donate if I weigh less than 50 kg?,কম ওজনের কারণে দান করতে পারবেন না যদি আপনার ওজন ৫০ কেজির নিচে থাকে। এটি আপনার রক্তের পরিমাণ নিরাপদ রাখতে।,Donors typically must weigh at least 50 kg. This ensures your blood volume remains safe.,eligibility,WHO Donor Safety Standards,true
40,রক্তে কি iron/লোহা বেড়ে গেলে আমি দান করতে পারি?,Can I donate if I have high iron levels?,উচ্চ iron বা hemochromatosis থাকলে দান করার আগে একজন ডাক্তারের সাথে পরামর্শ করুন। এটি আপনার এবং রিসিপিয়েন্টের জন্য নিরাপদ নয়।,High iron (hemochromatosis) requires doctor consultation before donation. It may not be safe.,medical_condition,American Red Cross Guidelines,true
41,ম্যালেরিয়া হওয়ার পর কত সময় আমি রক্ত দান করতে পারি?,How long after malaria can I donate blood?,ম্যালেরিয়া থেকে সম্পূর্ণ সুস্থ হওয়ার ৬ মাস পরে আপনি রক্ত দান করতে পারবেন।,You can donate 6 months after complete recovery from malaria.,medical_condition,WHO Malaria & Transfusion Guidelines,true
42,আমার যদি tattoo বা piercing করিয়ে থাকি তাহলে কি রক্ত দান করতে পারি?,Can I donate if I have a tattoo or piercing?,যদি tattoo বা piercing করানোর ১২ মাসের মধ্যে হয় তাহলে দান করতে পারবেন না। ১২ মাস পরে দান করতে পারবেন।,"If tattoo or piercing was done within 12 months, wait. After 12 months, you can donate.",eligibility,Blood Bank Safety Protocols,true
43,রক্ত দেওয়ার পর পুষ্টির জন্য কি খাওয়া উচিত?,What should I eat after donating for nutrition?,"রক্ত দেওয়ার পর আয়রন সমৃদ্ধ খাবার (পালং শাক, কলিজা) এবং ভিটামিন সি খান (কমলা, লেবু)। এটি দ্রুত recovery সাহায্য করে।","Eat iron-rich foods (spinach, liver) and vitamin C (oranges, lemon). This aids faster recovery.",aftercare,Red Crescent Nutrition Guidelines,true
44,উচ্চ রক্তচাপ থাকলে কি রক্ত দান করা যায়?,Can I donate blood if I have high blood pressure?,যদি আপনার রক্তচাপ ওষুধ সেবনের মাধ্যমে নিয়ন্ত্রণে থাকে (সিস্টোলিক ১০০-১৮০ এবং ডায়াস্টোলিক ৬০-১০০) তবে আপনি রক্ত দিতে পারবেন।,"If your blood pressure is controlled with medication (systolic 100-180 and diastolic 60-100), you can safely donate blood.",eligibility,WHO Blood Donor Selection Guidelines,true
45,ডায়াবেটিসের রোগীরা কি রক্ত দিতে পারেন?,Can diabetic patients donate blood?,মুখে খাওয়ার ওষুধ দিয়ে ডায়াবেটিস নিয়ন্ত্রণে থাকলে রক্ত দান করা যায়। তবে ইনসুলিন গ্রহণকারী রোগীরা রক্ত দিতে পারবেন না।,You can donate if diabetes is controlled with oral medication. Patients requiring insulin injections are ineligible.,eligibility,Directorate General of Health Services Bangladesh,true
46,অ্যাসপিরিন ওষুধ খাওয়ার পর কি রক্ত বা প্লাটিলেট দেওয়া যায়?,Can I donate blood or platelets after taking aspirin?,সাধারণ রক্ত দেওয়া গেলেও অ্যাসপিরিন খাওয়ার ৪৮ ঘণ্টার মধ্যে প্লাটিলেট বা অ্যাফারেসিস দান করা নিষিদ্ধ।,"You can donate whole blood, but you must wait 48 hours after taking aspirin before donating platelets.",eligibility,American Red Cross Donor Guidelines,true
47,অ্যান্টিবায়োটিক খাওয়ার কত দিন পর রক্ত দেওয়া যায়?,How many days after finishing antibiotics can I donate blood?,অ্যান্টিবায়োটিকের সম্পূর্ণ কোর্স শেষ করার এবং রোগ থেকে সম্পূর্ণ সুস্থ হওয়ার অন্তত ৭ দিন পর রক্ত দেওয়া যায়।,You must wait at least 7 days after completing your antibiotic course and being symptom-free.,eligibility,Blood Bank Transfusion Protocols,true
48,অ্যাজমা বা শ্বাসকষ্ট থাকলে কি রক্ত দান করা সম্ভব?,Can someone with asthma donate blood?,যদি রক্তদানের দিন আপনার শ্বাসকষ্ট না থাকে এবং আপনি ওরাল স্টেরয়েড গ্রহণ না করেন তবে রক্ত দেওয়া সম্ভব।,You can donate if you have no active symptoms on donation day and are not taking oral steroids.,eligibility,British Blood Transfusion Society,true
49,গর্ভাবস্থায় বা সন্তানকে বুকের দুধ খাওয়ানোর সময় কি রক্ত দেওয়া যায়?,Can pregnant or breastfeeding women donate blood?,না। গর্ভাবস্থায় এবং সন্তান প্রসবের পর বুকের দুধ খাওয়ানো চলাকালীন রক্তদান সম্পূর্ণ নিষিদ্ধ।,No. Blood donation is strictly deferred during pregnancy and throughout the breastfeeding period.,eligibility,WHO Maternal Safety Standards,true
50,মাসিক বা পিরিয়ড চলাকালীন কি নারীরা রক্ত দিতে পারেন?,Can women donate blood during menstruation?,যদি নারী শারীরিকভাবে সুস্থ বোধ করেন এবং হিমোগ্লোবিনের মাত্রা ১২.৫ গ্রাম/ডিএল থাকে তবে রক্ত দিতে কোনো বাধা নেই।,"Yes, provided the donor feels well and her hemoglobin level meets the minimum 12.5 g/dL requirement.",eligibility,WHO Donor Selection Guidelines,true
51,রক্তদানের জন্য ন্যূনতম হিমোগ্লোবিন কত হতে হবে?,What is the minimum hemoglobin required for blood donation?,পুরুষদের ক্ষেত্রে ন্যূনতম ১৩.০ গ্রাম/ডিএল এবং নারীদের ক্ষেত্রে ন্যূনতম ১২.৫ গ্রাম/ডিএল হিমোগ্লোবিন থাকা আবশ্যক।,"Male donors require at least 13.0 g/dL, while female donors require at least 12.5 g/dL hemoglobin.",eligibility,Directorate General of Health Services Bangladesh,true
52,জন্ডিস হওয়ার পর রক্ত দেওয়া যায় কি?,Can I donate blood after having jaundice?,যদি ১১ বছর বয়সের পূর্বে হেপাটাইটিস এ জনিত জন্ডিস হয়ে থাকে তবে দান করা যায়। কিন্তু হেপাটাইটিস বি বা সি হলে আজীবনের জন্য নিষিদ্ধ।,"If you had Hepatitis A before age 11, you may donate. Hepatitis B or C disqualifies you for life.",eligibility,WHO Transfusion Safety Guidelines,true
53,দাঁত তোলার কত দিন পর রক্ত দেওয়া যায়?,How long after a tooth extraction can I donate blood?,সাধারণ দাঁত তোলার পর অন্তত ৩ দিন এবং জটিল ওরাল সার্জারির পর অন্তত ১৪ দিন অপেক্ষা করতে হবে।,You must wait at least 3 days after a simple extraction and 14 days after surgical dental procedures.,eligibility,American Red Cross Guidelines,true
54,টিকা বা ভ্যাকসিন নেওয়ার কত দিন পর রক্ত দেওয়া যায়?,How long after vaccination can I donate blood?,"নিষ্ক্রিয় ভ্যাকসিন (যেমন টিটেনাস, কোভিড) নেওয়ার পর সুস্থ বোধ করলে ৪৮ ঘণ্টা পর দেওয়া যায়। তবে লাইভ ভ্যাকসিনের ক্ষেত্রে ৪ সপ্তাহ অপেক্ষা করতে হয়।",Inactivated vaccines allow donation after 48 hours if well. Live attenuated vaccines require a 4-week wait.,eligibility,CDC Immunization and Blood Donation Protocols,true
55,ডেঙ্গু থেকে সুস্থ হওয়ার কত দিন পর রক্ত দান করা যায়?,How long after recovering from dengue can I donate blood?,ডেঙ্গু জ্বর থেকে সম্পূর্ণ সুস্থ হওয়ার এবং প্লাটিলেট স্বাভাবিক অবস্থায় ফেরার অন্তত ৬ মাস পর রক্ত দেওয়া নিরাপদ।,You must wait at least 6 months after complete recovery from dengue and normalization of platelet counts.,eligibility,Directorate General of Health Services Bangladesh,true
56,টাইফয়েড থেকে সুস্থ হওয়ার কত দিন পর রক্ত দেওয়া যায়?,How long after recovering from typhoid can I donate blood?,টাইফয়েড থেকে সম্পূর্ণ সুস্থ হওয়ার এবং অ্যান্টিবায়োটিক কোর্স শেষ হওয়ার ৩ মাস পর রক্তদান করা যায়।,You can donate blood 3 months after full recovery from typhoid and cessation of antibiotics.,eligibility,Blood Bank Transfusion Protocols,true
57,মদ্যপান করার কত সময় পর রক্ত দেওয়া যায়?,How long after alcohol consumption can I donate blood?,মদ্যপানের অন্তত ২৪ ঘণ্টা পর এবং রক্তদানের সময় শরীর সম্পূর্ণ স্বাভাবিক ও হাইড্রেটেড থাকলে রক্ত দেওয়া যাবে।,You must wait at least 24 hours after alcohol intake and ensure you are fully hydrated and sober.,eligibility,National Blood Centre Guidelines,true
58,ধূমপান করার কতক্ষণ পর রক্ত দেওয়া যায়?,How long after smoking can I donate blood?,রক্তদানের অন্তত ২ ঘণ্টা পূর্বে এবং রক্তদানের পর অন্তত ৩ ঘণ্টা ধূমপান করা থেকে বিরত থাকতে হবে।,Avoid smoking for at least 2 hours before donation and at least 3 hours post-donation to avoid fainting.,aftercare,Blood Bank Recovery Guidelines,true
59,ব্লাড ডোনেশনের আগে কি ডায়াগনস্টিক টেস্ট করাতে হয়?,Are diagnostic screening tests mandatory before donation?,"হ্যাঁ। সংগৃহীত রক্তের প্রতিটি ব্যাগে এইচআইভি, হেপাটাইটিস বি, হেপাটাইটিস সি, সিফিলিস এবং ম্যালেরিয়া স্ক্রিনিং বাধ্যতামূলক।","Yes. Every donated unit must undergo mandatory testing for HIV, Hepatitis B, Hepatitis C, Syphilis, and Malaria.",blood_science,Safe Blood Transfusion Act Bangladesh,true
60,রক্ত দেওয়ার সময় কতটুকু রক্ত নেওয়া হয়?,How much blood is collected during a single donation?,"সাধারণত প্রতিবার ৩৫০ থেকে ৪৫০ মিলিলিটার রক্ত নেওয়া হয়, যা শরীরের মোট রক্তের মাত্র ৭ থেকে ৮ শতাংশ।","Typically, 350 to 450 mL of blood is collected, which represents only about 7 to 8 percent of total blood volume.",blood_science,WHO Safe Blood Standards,true
61,রক্তদানের পর শরীরে তরল বা রক্তের ঘাটতি কত দিনে পূরণ হয়?,How fast does the body regenerate donated blood volume?,রক্তের তরল অংশ বা প্লাজমা ২৪ থেকে ৪৮ ঘণ্টার মধ্যে পূরণ হয়। লোহিত রক্তকণিকা পুনরুৎপাদন হতে ৪ থেকে ৮ সপ্তাহ লাগে।,Plasma volume replenishes within 24 to 48 hours. Red blood cells regenerate fully within 4 to 8 weeks.,blood_science,Red Crescent Medical Standards,true
62,রোজা রেখে কি রক্ত দেওয়া যায়?,Can I donate blood while fasting during Ramadan?,রোজা অবস্থায় রক্ত দিলে অতিরিক্ত পানিশূন্যতা বা হাইপোটেনশন হতে পারে। ইফতারের ২ ঘণ্টা পর রাতে রক্তদান করা চিকিৎসাগতভাবে নিরাপদ।,Donating while fasting risks severe dehydration and hypotension. It is clinically recommended 2 hours after Iftar.,donation_guide,Islamic Foundation & Medical Advisory Bangladesh,true
63,রক্ত দেওয়ার সময় কি কোনো রোগ ছড়ানোর ঝুঁকি থাকে?,Is there any risk of contracting infections while donating?,"না। রক্ত সংগ্রহের জন্য সম্পূর্ণ নতুন, জীবাণুমুক্ত এবং একবার ব্যবহারযোগ্য সুচ ও ব্যাগ ব্যবহার করা হয়।","No. All collection equipment, needles, and bags are sterile, factory-sealed, and used only once before disposal.",donation_guide,WHO Infection Prevention Protocols,true
64,রক্ত দেওয়ার সময় সুচ ফোটানোর ব্যথা কতক্ষণ থাকে?,How painful is the needle insertion during donation?,সুচ ফোটানোর সময় মাত্র কয়েক সেকেন্ড একটি ছোট পিঁপড়ের কামড়ের মতো অনুভূতি হয়। এরপর আর কোনো ব্যথা থাকে না।,You will only feel a slight pinch for a few seconds during venipuncture. The collection process itself is painless.,donation_guide,Red Crescent Medical Standards,true
65,রক্ত দিতে মোট কত সময় লাগে?,How long does the blood donation process take?,রক্তনালী থেকে রক্ত সংগ্রহ হতে ৮ থেকে ১২ মিনিট লাগে। প্রাথমিক স্বাস্থ্য পরীক্ষা ও বিশ্রামের জন্য মোট ৩০-৪০ মিনিট প্রয়োজন।,The actual blood draw takes 8 to 12 minutes. The complete process including registration and rest takes 30-40 minutes.,donation_guide,Blood Bank Protocol,true
66,O নেগেটিভ রক্তকে কেন সার্বজনীন রক্তদাতা বলা হয়?,Why is O Negative called the universal red blood cell donor?,"O নেগেটিভ লোহিত কণিকায় কোনো A, B বা Rh অ্যান্টিজেন থাকে না, তাই যেকোনো গ্রুপের রোগীর শরীরে এটি নিরাপদভাবে দেওয়া যায়।","O Negative red cells lack A, B, and Rh antigens, meaning they rarely trigger immune rejection in any recipient.",blood_science,WHO Immunohematology Guidelines,true
67,AB পজিটিভ রক্তকে কেন সার্বজনীন গ্রহীতা বলা হয়?,Why is AB Positive called the universal red blood cell recipient?,"AB পজিটিভ রক্তের প্লাজমায় কোনো অ্যান্টি-A, অ্যান্টি-B বা অ্যান্টি-Rh অ্যান্টিবডি থাকে না, তাই সব গ্রুপ থেকে রক্ত নিতে পারে।","AB Positive individuals have no anti-A, anti-B, or anti-Rh antibodies, allowing safe receipt of all red cell types.",blood_science,WHO Immunohematology Guidelines,true
68,বম্বে ব্লাড গ্রুপ (Bombay Blood Group) কী?,What is the Bombay Blood Group?,এটি অত্যন্ত বিরল একটি রক্তের গ্রুপ যাতে H অ্যান্টিজেন অনুপস্থিত থাকে। তারা কেবল অন্য কোনো বম্বে গ্রুপের ব্যক্তির থেকেই রক্ত নিতে পারে।,An extremely rare blood type lacking the H antigen. Individuals with this phenotype can only receive Bombay blood.,blood_science,International Society of Blood Transfusion,true
69,সংগৃহীত লোহিত রক্তকণিকা কত দিন পর্যন্ত সংরক্ষণ করা যায়?,What is the shelf life of packed red blood cells (PRBC)?,বিশেষ প্রিজারভেটিভ দ্রবণে ২ থেকে ৬ ডিগ্রি সেলসিয়াস তাপমাত্রায় লোহিত রক্তকণিকা ৩৫ থেকে ৪২ দিন পর্যন্ত সংরক্ষণ করা যায়।,Packed red blood cells stored at 2 to 6 degrees Celsius with preservatives have a shelf life of 35 to 42 days.,blood_science,AABB Standards for Blood Banks,true
70,সংগৃহীত প্লাটিলেটের মেয়াদ কত দিন থাকে?,What is the shelf life of donated platelets?,প্লাটিলেট ২০ থেকে ২৪ ডিগ্রি সেলসিয়াস তাপমাত্রায় সার্বক্ষণিক আন্দোলিত (agitation) অবস্থায় সর্বোচ্চ ৫ দিন সংরক্ষণ করা যায়।,Platelets stored at 20 to 24 degrees Celsius with continuous gentle agitation have a maximum shelf life of 5 days.,blood_science,AABB Technical Manual,true
71,ফ্রেশ ফ্রোজেন প্লাজমা (FFP) কত দিন সংরক্ষণ করা যায়?,How long can Fresh Frozen Plasma (FFP) be stored?,মাইনাস ১৮ ডিগ্রি সেলসিয়াস বা তার কম তাপমাত্রায় সংরক্ষণ করলে ফ্রেশ ফ্রোজেন প্লাজমা ১ বছর পর্যন্ত ভালো থাকে।,Fresh Frozen Plasma stored at minus 18 degrees Celsius or colder remains viable for up to 1 year.,blood_science,WHO Transfusion Guidelines,true
72,রক্ত সঞ্চালনের পূর্বে ক্রস-ম্যাচিং (Cross-matching) কেন বাধ্যতামূলক?,Why is cross-matching mandatory before blood transfusion?,গ্রহীতার সিরামে দাতার লোহিত রক্তকণিকার বিরুদ্ধে কোনো ক্ষতিকর অ্যান্টিবডি আছে কি না তা যাচাই করে মারাত্মক রিঅ্যাকশন প্রতিরোধ করতে।,"To detect unexpected antibodies in the recipient's serum against donor cells, preventing fatal hemolytic reactions.",blood_science,Safe Blood Transfusion Standards Bangladesh,true
73,রক্ত দেওয়ার ঠিক পর পরই কী করা উচিত?,What should you do immediately after giving blood?,"রক্তদানের বেডে অন্তত ১০ থেকে ১৫ মিনিট শুয়ে বিশ্রাম নিন এবং স্যালাইন, ফলের রস বা পানি পান করুন।","Rest flat on the donation bed for 10 to 15 minutes, and drink refreshments like oral saline, fruit juice, or water.",aftercare,Red Crescent Post-Donation Protocols,true
74,রক্তদানের পর মাথা ঘুরলে করণীয় কী?,What should you do if you feel dizzy or faint after donating?,অবিলম্বে শুয়ে পড়ুন এবং পা দুটো মাথার চেয়ে কিছুটা উঁচুতে রাখুন। পর্যাপ্ত পানি পান করুন। উঠে দাঁড়াবেন না।,Lie down immediately and elevate your feet above head level. Drink fluids and do not attempt to stand up suddenly.,aftercare,American Red Cross Safety Protocols,true
75,রক্ত নেওয়ার জায়গায় রক্তপাত শুরু হলে করণীয় কী?,What if bleeding starts again at the needle puncture site?,হাতটি সোজা উপরের দিকে তুলে ধরুন এবং জীবাণুমুক্ত তুলা বা গজ দিয়ে সুচের ক্ষতে ৫ মিনিট শক্ত করে চেপে ধরুন।,"Raise your arm straight up and apply firm, direct pressure to the puncture site with clean gauze for 5 minutes.",aftercare,Blood Bank Safety Protocols,true
76,রক্তদানের স্থানে কালশিটে বা নীলাভ দাগ পড়লে কী করতে হবে?,What should I do if a bruise develops at the needle site?,প্রথম ২৪ ঘণ্টা ওই স্থানে বরফ বা ঠান্ডা সেক দিন। ২৪ ঘণ্টা পার হওয়ার পর হালকা গরম সেক দিলে কালশিটে দ্রুত মিলিয়ে যায়।,"Apply a cold compress for the first 24 hours. After 24 hours, apply warm compresses to speed up resolution.",aftercare,NHS Blood and Transplant Guidelines,true
77,রক্তদানের পর হাতের ব্যান্ডেজ কতক্ষণ রাখা উচিত?,How long should the bandage remain on the arm after donation?,সুচ ফোটানোর স্থানের ব্যান্ডেজটি অন্তত ৪ থেকে ৬ ঘণ্টা শুকনো এবং অক্ষত অবস্থায় রাখা উচিত।,Keep the protective adhesive bandage dry and in place for at least 4 to 6 hours after donation.,aftercare,WHO Safe Phlebotomy Guidelines,true
78,রক্তদানের পর ভারী ওজন তোলা বা ব্যায়াম করা যাবে কি?,Can I lift heavy weights or exercise after donating blood?,"না। রক্তদানের পর অন্তত ২৪ ঘণ্টা ভারী জিনিস তোলা, জিম করা বা অতিরিক্ত শারীরিক পরিশ্রম করা নিষিদ্ধ।","No. Avoid heavy lifting, intense gym workouts, or strenuous athletic exertion for at least 24 hours.",aftercare,Red Crescent Post-Donation Protocols,true
79,রক্তদানের পর দ্রুত শক্তি ফিরে পেতে কী খাওয়া উচিত?,What foods help recover energy quickly after blood donation?,"পর্যাপ্ত পানি, স্যালাইন, ডাবের পানি, গুড়, খেজুর, কলা এবং ভিটামিন সি সমৃদ্ধ তাজা ফল খাওয়া উচিত।","Drink plenty of fluids, coconut water, or saline, and eat bananas, dates, jaggery, and vitamin C-rich fruits.",aftercare,Directorate General of Health Services Bangladesh,true
80,নিয়মিত রক্ত দিলে কি শরীরের রোগ প্রতিরোধ ক্ষমতা কমে যায়?,Does regular blood donation weaken the immune system?,না। রক্তদানের ফলে অস্থিমজ্জা উদ্দীপ্ত হয়ে নতুন রোগ প্রতিরোধক শ্বেত রক্তকণিকা ও অ্যান্টিবডি তৈরি করে।,"No. Donating stimulates bone marrow to produce fresh white blood cells and antibodies, maintaining immunity.",myths_and_facts,WHO Blood Safety Factsheet,true
81,রক্ত দিলে কি মানুষের ওজন বাড়ে বা কমে?,Does donating blood cause permanent weight gain or loss?,রক্তদানের সাথে স্থায়ীভাবে ওজন কমা বা বাড়ার কোনো বৈজ্ঞানিক সম্পর্ক নেই।,Blood donation has no direct physiological connection with permanent weight loss or weight gain.,myths_and_facts,British Medical Journal Blood Facts,true
82,রক্ত দিলে কি রক্তচাপ স্থায়ীভাবে কমে যেতে পারে?,Can donating blood permanently lower blood pressure?,"না। রক্তদানের পর সাময়িক কিছু সময়ের জন্য রক্তচাপ সামান্য কমতে পারে, যা ২৪ ঘণ্টার মধ্যে স্বাভাবিক হয়ে যায়।","No. Blood pressure may drop transiently after donation, but fluid intake restores it within 24 hours.",myths_and_facts,American Heart Association Blood Advisory,true
83,নিয়মিত রক্ত দিলে কি রক্তদাতার হৃদরোগের ঝুঁকি কমে?,Does regular blood donation reduce the risk of heart disease?,"হ্যাঁ। রক্তদানের মাধ্যমে রক্তে অতিরিক্ত ক্ষতিকর আয়রনের মাত্রা কমে, যা রক্তনালীর স্বাস্থ্য ভালো রাখতে সাহায্য করে।","Yes. Regular donation helps reduce excess iron stores, which may reduce oxidative stress and arterial damage.",myths_and_facts,Journal of the American Medical Association Studies,true
84,রক্ত দিলে কি শরীর রক্তহীন বা এনিমিয়ায় আক্রান্ত হতে পারে?,Can blood donation cause anemia in healthy donors?,"সুস্থ ব্যক্তি প্রতি ১২০ দিন পর রক্ত দিলে অ্যানিমিয়া হয় না, কারণ এই সময়ের মধ্যে শরীর লোহিত কণিকা সম্পূর্ণ পূরণ করে।","Not if healthy individuals observe the 120-day interval, allowing bone marrow to fully regenerate red cell mass.",myths_and_facts,Directorate General of Health Services Bangladesh,true
85,রক্তদানে কি যৌন ক্ষমতা বা প্রজনন স্বাস্থ্য ক্ষতিগ্রস্ত হয়?,Does blood donation reduce sexual stamina or fertility?,না। রক্তদানের সাথে প্রজনন স্বাস্থ্য বা যৌন ক্ষমতার কোনো সম্পর্ক নেই। এটি সম্পূর্ণ ভিত্তিহীন গুজব।,No. There is zero biological connection between blood donation and reproductive health or sexual vitality.,myths_and_facts,National Blood Transfusion Council Guidelines,true
86,ভেজিটেরিয়ান বা নিরামিষভোজীরা কি রক্ত দিতে পারেন?,Can vegetarians donate blood safely?,"হ্যাঁ। যদি নিরামিষভোজী ব্যক্তির হিমোগ্লোবিন নির্ধারিত মাত্রায় থাকে, তবে তিনি নিশ্চিন্তে রক্ত দান করতে পারেন।","Yes. As long as the vegetarian donor meets the minimum hemoglobin threshold, they can safely donate.",myths_and_facts,WHO Donor Selection Guidelines,true
87,অটোলগাস ব্লাড ডোনেশন (Autologous Donation) কাকে বলে?,What is autologous blood donation?,ভবিষ্যতে নিজের পরিকল্পিত অস্ত্রোপচারের জন্য কোনো রোগীর নিজের রক্ত আগে থেকে সংগ্রহ করে সংরক্ষণ করাকে অটোলগাস দান বলে।,The practice where an individual donates and stores their own blood in advance for their own planned surgery.,blood_science,AABB Standards for Blood Banks,true
88,ডাইরেক্টেড ব্লাড ডোনেশন (Directed Donation) কী?,What is directed blood donation?,"যখন কোনো রক্তদাতা নির্দিষ্ট কোনো আত্মীয় বা পরিচিত রোগীর জন্য রক্ত প্রদান করেন, তাকে ডাইরেক্টেড ডোনেশন বলে।",When a donor specifies that their donated unit of blood must be given to a designated family member or friend.,blood_science,American Red Cross Guidelines,true
89,BloodPulse প্ল্যাটফর্মে কীভাবে জরুরি রক্তের আবেদন করতে হয়?,How do I create an Emergency Request on BloodPulse?,"অ্যাপের Blood Hub-এ যান, Emergency Request নির্বাচন করুন, রোগীর রক্ত, হাসপাতাল, ব্যাগ সংখ্যা ও সময় দিয়ে সাবমিট করুন।","Go to Blood Hub, select Emergency Request, fill in blood type, hospital, required units and urgency, and submit.",platform_guide,BloodPulse System Documentation,true
90,BloodPulse-এর Wave Engine কীভাবে কাজ করে?,How does the Wave Engine work on BloodPulse?,"এটি জ্যামিতিক ব্যাসার্ধ অনুসারে ধাপে ধাপে নোটিফিকেশন পাঠায়: ওয়েভ ১ (০-৫ কিমি), ওয়েভ ২ (৫-১৫ কিমি), ওয়েভ ৩ (১৫-৫০ কিমি), ওয়েভ ৪ (সারাদেশ)।","It dispatches concentric rings: Wave 1 (0-5km), Wave 2 (5-15km), Wave 3 (15-50km), and Wave 4 (Nationwide alert).",platform_guide,BloodPulse System Architecture,true
91,BloodPulse-এ রক্তদাতার ফোন নম্বর কখন উন্মুক্ত করা হয়?,When is a donor's phone number revealed on BloodPulse?,প্রাইভেসি সুরক্ষায় আবেদনকারী এবং দাতা উভয়ই অনুরোধ পারস্পরিকভাবে গ্রহণ (Accept) করার পরই কেবল নম্বর দেখা যায়।,"To protect privacy, phone numbers are only unmasked after both the requester and donor mutually accept the match.",platform_guide,BloodPulse Privacy Protocol,true
92,BloodPulse-এ লোকেশন ফাজিং (Geo-Shield) কী?,What is donor location fuzzing or Geo-Shield on BloodPulse?,দাতার সঠিক অবস্থান গোপন রাখতে ম্যাপে দাতার আসল অবস্থানের চারপাশে ৫০০ মিটার কৃত্রিম ব্যাসার্ধ প্রদর্শন করা হয়।,"To protect donor security, donor map markers are obfuscated by a 500-meter random radius from their real location.",platform_guide,BloodPulse Security Policy,true
93,রেজিস্ট্রেশনের পর রক্তের গ্রুপ কেন ব্যবহারকারী নিজে পরিবর্তন করতে পারে না?,Why can't users change their blood group after registration?,চিকিৎসাগত নিরাপত্তা নিশ্চিত করতে রক্তের গ্রুপ একবার সেভ হলে তা কেবল মেডিকেল প্রুফ দিয়ে অ্যাডমিন পরিবর্তন করতে পারে।,"To prevent dangerous clinical mismatches, blood type is locked upon creation and editable only by verified admins.",platform_guide,BloodPulse Governance Protocols,true
94,BloodPulse-এর ১২০ দিনের হার্ড-লক টাইমার কীভাবে কাজ করে?,How does the 120-day cooldown hard-lock work on BloodPulse?,একবার সফল রক্তদানের পর অ্যাপের অ্যালগরিদম ১২০ দিনের জন্য ওই দাতাকে কোনো সক্রিয় সার্চ বা রিকোয়েস্টে অন্তর্ভুক্ত করে অন্তর্ভুক্ত করে না।,"Following a donation, the system algorithm enforces a 120-day blackout, hiding the donor from dispatch queues.",platform_guide,BloodPulse Clinical Rule Engine,true
95,Auto Poster জেনারেটর কীভাবে ব্যবহার করতে হয়?,How do I use the Auto Poster generator on BloodPulse?,জরুরি রিকোয়েস্ট সাবমিট করার পর সাকসেস স্ক্রিনে বা ফিডের শেয়ার বাটনে ক্লিক করে পোস্টার ইমেজ তৈরি ও ডাউনলোড করা যায়।,"After submitting a request or clicking Share on any Feed emergency card, you can preview and download the poster image.",platform_guide,BloodPulse Feature Manual,true
96,পোস্টারে কি রোগীর নাম বা ফোন নম্বর স্বয়ংক্রিয়ভাবে চলে যায়?,Does the Auto Poster automatically reveal patient name and phone?,"না। প্রাইভেসি বজায় রাখতে রোগীর নাম ও ফোন নম্বর ডিফল্টভাবে বন্ধ থাকে, ব্যবহারকারী চাইলে টগল করে তা চালু করতে পারেন।",No. Patient name and phone are masked by default on posters; users must explicitly toggle them on before sharing.,platform_guide,BloodPulse Privacy Manual,true
97,BloodPulse-এর থ্যাংকস লেটার (Thanks Letter) এবং সার্টিফিকেট কী?,What is the BloodPulse Thanks Letter and Certificate?,রক্তদান সফলভাবে সম্পন্ন হওয়ার পর দাতার নিঃস্বার্থ অবদানকে স্বীকৃতি দিতে এই ডিজিটাল প্রশংসাপত্র প্রদান করা হয়।,A respectful digital impact certificate generated after successful donation acknowledging altruism without outcome bias.,platform_guide,BloodPulse Donor Appreciation Policy,true
98,BloodPulse-এ স্ট্যান্ডবাই ডোনার (Standby Donor) কী?,What is a Standby Donor on BloodPulse?,প্রাথমিক দাতা রাস্তায় আটকে গেলে বা অসমর্থ হলে বিকল্প হিসেবে প্রস্তুত থাকা দাতাকে স্ট্যান্ডবাই ডোনার বলা হয়।,Secondary matched donors kept in reserve who receive dispatch alerts if the primary donor reports a delay or cancellation.,platform_guide,BloodPulse Dispatch System,true
99,কোনো রক্তদাতা বা গ্রহীতা টাকা দাবি করলে করণীয় কী?,What should I do if someone demands money for blood?,BloodPulse সম্পূর্ণ বিনামূল্যে ও স্বেচ্ছায় রক্তদানের প্ল্যাটফর্ম। রিকোয়েস্ট কার্ডের Report বাটনে চাপ দিয়ে অ্যাকাউন্ট রিপোর্ট করুন।,BloodPulse is 100% voluntary and unpaid. Tap the Report button on the request card immediately to trigger quarantine.,platform_guide,BloodPulse Anti-Fraud Policy,true
100,গুগল দিয়ে সাইন-ইন করার পর প্রোফাইল কীভাবে সম্পূর্ণ করব?,How do I complete registration after signing in with Google?,"প্রোফাইল ট্যাবে যান, Edit Profile-এ চাপুন এবং আপনার রক্তের গ্রুপ ও এলাকার তথ্য পূরণ করে সেভ করুন।","Navigate to the Profile tab, select Edit Profile, input your blood group, division, and district, and save.",platform_guide,BloodPulse Onboarding Workflow,true
101,BloodPulse-এ এনআইডি বা স্টুডেন্ট আইডি ভেরিফিকেশন কেন প্রয়োজন?,Why is NID or Student ID verification needed on BloodPulse?,ভুয়া রক্তের আবেদন এবং প্ল্যাটফর্মের অপব্যবহার রোধে ট্রাস্ট স্কোর বৃদ্ধির জন্য এই পরিচয়পত্র যাচাই করা হয়।,To eliminate fraudulent blood broker requests and increase user trust scores via identity verification.,platform_guide,BloodPulse Trust and Safety Architecture,true
102,BloodPulse-এর পার্সোনাল ও ন্যাশনাল এমার্জেন্সির পার্থক্য কী?,What is the difference between Personal and National Emergency?,পার্সোনাল রিকোয়েস্ট একক রোগীর জন্য লোকাল এরিয়ায় ছড়ায়; ন্যাশনাল রিকোয়েস্ট দুর্যোগ বা বন্যায় দেশব্যাপী ক্যাম্পেইনের জন্য।,Personal requests target nearby donors for single patients; National requests coordinate large-scale disaster blood drives.,platform_guide,BloodPulse Operations Engine,true
103,লোকাল ব্লাড ক্লাব কীভাবে BloodPulse-এ নিবন্ধিত হতে পারে?,How can a local blood club register on BloodPulse?,"Community ট্যাবে যান, Local নির্বাচন করুন, Register Your Club ফর্মে তথ্য জমা দিলে অ্যাডমিন যাচাই করে অনুমোদন করবেন।","Go to Community, select Local, fill out the Register Your Club form, and an admin will audit and approve it.",platform_guide,BloodPulse Community Matrix,true
104,PulseAI চ্যাটবট কি প্রেসক্রিপশন বা রক্তের রিপোর্ট দেখে ওষুধ দিতে পারে?,Can PulseAI prescribe medicine or interpret lab tests as a doctor?,না। PulseAI কেবল শিক্ষামূলক তথ্য দেয়। এটি কোনো অবস্থাতেই ওষুধ প্রেসক্রাইব বা মেডিকেল ডায়াগনসিস প্রদান করে না।,"No. PulseAI provides educational summaries only. It never prescribes drugs, dosages, or clinical diagnoses.",platform_guide,PulseAI Clinical Safety Directive,true
105,PulseAI ফ্লোটিং বাটন কীভাবে বন্ধ বা হাইড করব?,How can I hide the PulseAI floating action button?,ফ্লোটিং বাটনে ট্যাপ করে পপআপ মেনু থেকে Hide PulseAI নির্বাচন করুন। সেটিংস থেকে এটি যেকোনো সময় পুনরায় চালু করা যায়।,"Tap the floating button, select Hide PulseAI from the popup menu, and toggle it back on anytime from Settings.",platform_guide,BloodPulse User Interface Guide,true
106,BloodPulse থেকে অ্যাকাউন্ট ডিলিট করলে আমার তথ্যের কী হয়?,What happens to my data when I delete my account on BloodPulse?,"জিডিপিআর অনুচ্ছেদ ১৭ অনুযায়ী আপনার নাম, ফোন ও এনআইডি চিরতরে মুছে যাবে; কেবল বেনামী ডোনেশন সংখ্যা পরিসংখ্যানের জন্য থাকবে।","Under GDPR Art. 17, all PII (name, phone, NID) is crypto-shredded; anonymous aggregate counts are retained for safety logs.",platform_guide,BloodPulse Data Protection Policy,true
107,আমার রক্তের আবেদন কেন Quarantined বা পর্যালোচনার অধীনে দেখাচ্ছে?,Why is my blood request showing as Quarantined or under review?,"যদি সিস্টেম কোনো ডুপ্লিকেট প্রেসক্রিপশন বা ভৌগোলিক অসংগতি শনাক্ত করে, তবে অ্যাডমিন ম্যানুয়ালি যাচাই করার আগ পর্যন্ত তা আটকে থাকে।","If algorithmic heuristics detect an OCR anomaly or geo-spoofing, the case is held until a clinical moderator reviews it.",platform_guide,BloodPulse Trust & Fraud Engine,true
108,প্রচণ্ড রক্তক্ষরণ হলে জরুরি অবস্থায় করণীয় কী?,What is the emergency protocol for severe bleeding?,"ক্ষতস্থানে পরিষ্কার কাপড় দিয়ে শক্তভাবে সরাসরি চাপ দিন, রোগীকে শুইয়ে রাখুন এবং অবিলম্বে ৯৯৯ নম্বরে ফোন দিন।","Apply firm, direct pressure on the wound with clean cloth, keep the patient lying down, and call 999 immediately.",emergency,Directorate General of Health Services Bangladesh,true
109,আইসিইউতে জরুরি রক্তের জন্য দ্রুততম পদক্ষেপ কী?,What is the immediate action for an ICU patient needing urgent blood?,"হাসপাতালের ব্লাড ব্যাংকে খোঁজ নিন, BloodPulse-এ ইমার্জেন্সি রিকোয়েস্ট দিন এবং নিকটস্থ বন্ধুদের সাথে যোগাযোগ করুন।","Check hospital blood bank reserves immediately, post an Emergency Request on BloodPulse, and mobilize local networks.",emergency,National Health Directive Bangladesh,true
110,রক্তদানের সময় দাতা জ্ঞান হারিয়ে ফেললে করণীয় কী?,What should medical staff do if a donor faints during donation?,"রক্তদান অবিলম্বে বন্ধ করতে হবে, দাতার পা মাথার চেয়ে উঁচুতে তুলে ধরতে হবে এবং পর্যাপ্ত বাতাস চলাচলের ব্যবস্থা করতে হবে।","Stop blood draw immediately, place donor in Trendelenburg position (feet elevated), ensure airway, and administer fluids.",emergency,WHO Blood Donor Adverse Reactions Guide,true
111,বাংলাদেশে জরুরি চিকিৎসাসেবার সরকারি হটলাইন নম্বর কত?,What is the government emergency healthcare hotline in Bangladesh?,যেকোনো জরুরি চিকিৎসাসেবা বা পরামর্শের জন্য সরকারি স্বাস্থ্য বাতায়ন নম্বর ১৬২৬৩ এবং জরুরি সেবায় ৯৯৯ ডায়াল করুন।,"Call 16263 for the national DGHS Health Care hotline or 999 for police, fire, and ambulance emergency services.",emergency,Government of Bangladesh Emergency Directory,true
112,রক্ত সঞ্চালনের পর রোগীর কাঁপুনি বা শ্বাসকষ্ট হলে করণীয় কী?,What should be done if a patient develops chills or dyspnea during transfusion?,"অবিলম্বে রক্ত সঞ্চালন বন্ধ করুন, স্যালাইন চালু রাখুন এবং জরুরি ভিত্তিতে দায়িত্বরত চিকিৎসককে ডাকুন।","Stop the transfusion immediately, maintain intravenous access with normal saline, and alert the on-duty physician.",emergency,WHO Clinical Transfusion Guidelines,true
113,BloodPulse কি রক্তের ব্যাগ বেচাকেনা অনুমোদন করে?,Does BloodPulse allow buying or selling blood units?,না। রক্ত বিক্রি বা কেনা সম্পূর্ণ বেআইনি এবং BloodPulse কেবল স্বেচ্ছায় বিনামূল্যে রক্তদান সমর্থন করে।,No. Commercial trading of human blood is illegal in Bangladesh. BloodPulse strictly facilitates voluntary unpaid donation.,policy,Safe Blood Transfusion Act Bangladesh 2002,true
114,রক্তদাতার কাছ থেকে কি কোনো সার্ভিস চার্জ বা ফি নেওয়া হয়?,Are donors charged any fee or service charge on BloodPulse?,না। রক্তদাতা বা গ্রহীতা কারো কাছ থেকেই BloodPulse কোনো সার্ভিস চার্জ বা ফি গ্রহণ করে না।,"No. BloodPulse operates completely free of charge for donors, patients, and volunteer blood organizations.",policy,BloodPulse Core Charter,true
115,রক্তদাতার গোপনীয়তা প্ল্যাটফর্মে কীভাবে সুরক্ষিত থাকে?,How is donor privacy protected on BloodPulse?,"অনুমোদন ব্যতীত ফোন নম্বর গোপন থাকে, লাইভ ম্যাপে ৫০০ মিটার ফাজিং প্রয়োগ করা হয় এবং সমস্ত যোগাযোগ এন্ড-টু-এন্ড এনক্রিপ্ট থাকে।","Phone numbers stay masked until mutual match, map pins use 500m fuzzing, and communications are encrypted.",policy,BloodPulse Privacy Architecture,true
116,ভুয়া প্রেসক্রিপশন বা ভুয়া রক্তের আবেদন জমা দিলে কী ব্যবস্থা নেওয়া হয়?,What happens if someone submits a forged medical requisition?,"ট্রাস্ট ইঞ্জিনের মাধ্যমে ব্যবহারকারীর অ্যাকাউন্ট, ফোন নম্বর এবং ডিভাইস স্থায়ীভাবে ব্ল্যাকলিস্ট ও ব্যান করা হয়।","The Trust Engine blacklists the user account, associated phone, and hardware identifier across the platform.",policy,BloodPulse Security Protocol,true
117,রক্তদান করলে কি রক্তদাতার কোনো সংক্রামক রোগ ধরা পড়তে পারে?,Can blood donation reveal underlying infectious conditions in donors?,"হ্যাঁ। প্রতিটি রক্তের ইউনিটে এইচআইভি বা হেপাটাইটিস স্ক্রিনিং করা হয়, কোনো সমস্যা ধরা পড়লে রক্ত ব্যাংক গোপনে দাতাকে অবহিত করে।","Yes. Mandatory screening checks for Hepatitis and HIV. If reactive, the donor is confidentially counseled for safety.",blood_science,WHO Guidelines on Informing Reactive Donors,true
118,প্লাটিলেট দানের (Apheresis) ব্যবধান কত দিন হওয়া উচিত?,What is the minimum interval between apheresis platelet donations?,"প্লাটিলেট অ্যাফারেসিস প্রতি ১৫ দিন পর পর দেওয়া যায়, তবে বছরে সর্বোচ্চ ২৪ বারের বেশি দেওয়া উচিত নয়।","Apheresis platelet donors can donate once every 15 days, up to a strict maximum of 24 donations in a 12-month period.",eligibility,AABB Apheresis Donation Standards,true
119,রক্তদানের পর ত্বকে অ্যালার্জি বা চুলকানি হলে করণীয় কী?,What should I do if I get an allergic rash or itch after donation?,"অ্যান্টিসেপটিক লোশন লাগান, ঠান্ডা পানির ঝাপটা দিন এবং তীব্র চুলকানি হলে একজন রেজিস্ট্রার্ড চিকিৎসকের পরামর্শ নিন।","Apply a cold compress, avoid scratching, and consult a physician if generalized hives or severe itching occur.",aftercare,Blood Bank Advisory,true
120,রক্তদানের পর গাড়ি বা মোটরসাইকেল চালানো কি নিরাপদ?,Is it safe to drive a car or motorcycle immediately after donation?,রক্তদানের পরপরই গাড়ি চালানো অনুচিত। অন্তত ৩০ মিনিট বিশ্রাম নিয়ে নিজেকে সম্পূর্ণ স্বাভাবিক মনে হলে তবেই গাড়ি চালান।,"Do not drive immediately. Rest for at least 30 minutes, hydrate, and only operate vehicles if fully symptom-free.",aftercare,American Red Cross Donor Safety Advisory,true
121,রক্তদানের পূর্বে কী ধরনের খাবার এড়িয়ে চলা উচিত?,What foods should be avoided before donating blood?,"রক্তদানের আগে অতিরিক্ত চর্বিযুক্ত বা তৈলাক্ত খাবার এড়িয়ে চলা উচিত, কারণ এটি ল্যাবরেটরির রক্ত পরীক্ষায় জটিলতা তৈরি করে।","Avoid excessively fatty, greasy foods prior to donation, as lipemic plasma can interfere with screening lab tests.",donation_guide,Red Crescent Pre-Donation Guide,true
122,রক্তদানের জন্য আদর্শ রক্তচাপ কত থাকা প্রয়োজন?,What is the acceptable blood pressure range for blood donors?,রক্তদানের সময় সিস্টোলিক রক্তচাপ ১০০-১৪০ এবং ডায়াস্টোলিক রক্তচাপ ৬০-৯০ থাকা সবচেয়ে আদর্শ।,An ideal resting blood pressure is systolic 100-140 mmHg and diastolic 60-90 mmHg during initial screening.,eligibility,Directorate General of Health Services Bangladesh,true
123,পালস রেট (নাড়ির স্পন্দন) কত থাকলে রক্ত দেওয়া যায়?,What is the acceptable donor pulse rate for blood donation?,রক্তদাতার স্বাভাবিক পালস রেট প্রতি মিনিটে ৬০ থেকে ১০০ এর মধ্যে এবং নিয়মিত স্পন্দনযুক্ত হতে হবে।,The acceptable resting pulse rate is between 60 and 100 beats per minute with a regular rhythm.,eligibility,WHO Donor Screening Protocols,true
124,শরীরের তাপমাত্রা কত থাকলে রক্ত দেওয়া যাবে না?,What body temperature disqualifies a donor from giving blood?,শরীরের তাপমাত্রা ৩৭.৫ ডিগ্রি সেলসিয়াস (৯৯.৫ ডিগ্রি ফারেনহাইট) বা তার বেশি হলে বা জ্বর থাকলে রক্ত দেওয়া যাবে না।,A body temperature exceeding 37.5 degrees Celsius (99.5 degrees Fahrenheit) or active fever requires deferral.,eligibility,WHO Physical Screening Guidelines,true
125,অ্যালার্জির কারণে অ্যান্টিহিস্টামিন ওষুধ খেলে কি রক্ত দেওয়া যায়?,Can I donate blood if I took antihistamines for seasonal allergies?,"হাঁ। সাধারণ অ্যান্টিহিস্টামিন সেবন করলেও রক্তদানে বাধা নেই, তবে যদি রক্তদানের দিন তীব্র অ্যালার্জির লক্ষণ থাকে তবে অপেক্ষা করুন।",Yes. Mild allergies managed with antihistamines do not disqualify you unless you have an active acute reaction.,eligibility,American Red Cross Medicine Deferral List,true
126,টিনএজার বা কম বয়সীদের ক্ষেত্রে রক্তদানের বিশেষ সতর্কতা কী?,What is the special guideline regarding younger first-time donors?,"১৮ বছর পূর্ণ হতে হবে, পর্যাপ্ত ওজন (৫০ কেজি+) থাকতে হবে এবং রক্তদানের সময় হাইপোটেনশন এড়াতে পর্যাপ্ত তরল খেতে হবে।","Donors must be at least 18 years, weigh 50+ kg, and drink extra fluids to prevent vasovagal syncope.",eligibility,WHO Adolescent Blood Donation Advisory,true
127,রক্ত দেওয়ার কত দিন পর আবার স্বাভাবিক শারীরিক পরিশ্রম করা যায়?,When can a donor return to strenuous physical work after donation?,"রক্তদানের ২৪ ঘণ্টা পর থেকে স্বাভাবিক শারীরিক পরিশ্রম, খেলাধুলা বা জিম পুনরায় শুরু করা যায়।","Donors can safely resume strenuous manual labor, competitive sports, and gym workouts after 24 hours.",aftercare,Red Crescent Post-Donation Protocols,true
128,রক্তদানের কতক্ষণ পর গোসল করা নিরাপদ?,How soon after giving blood can I take a shower?,রক্তদানের অন্তত ২ ঘণ্টা পর স্বাভাবিক তাপমাত্রার পানিতে গোসল করা উচিত। অত্যন্ত গরম পানি ব্যবহার থেকে বিরত থাকুন।,"Wait at least 2 hours before showering, and avoid excessively hot water which can provoke post-donation fainting.",aftercare,Blood Bank Aftercare Manual,true
129,সংগৃহীত রক্তের সম্পূর্ণ রক্ত (Whole Blood) কীভাবে প্রক্রিয়াজাত করা হয়?,How is whole blood processed into different components?,"সেন্ট্রিফিউজ মেশিনের মাধ্যমে সম্পূর্ণ রক্ত ঘুরিয়ে লোহিত কণিকা, প্লাটিলেট এবং প্লাজমা আলাদা করা হয়।","Using industrial centrifuges, whole blood is separated into packed red cells, platelets, and fresh frozen plasma.",blood_science,WHO Component Separation Manual,true
130,রক্তের গ্রুপের Rh ফ্যাক্টর পজিটিভ বা নেগেটিভ কীভাবে নির্ধারিত হয়?,How is the Rh positive or negative factor determined?,লোহিত রক্তকণিকার ঝিল্লিতে ডি (D) অ্যান্টিজেন উপস্থিত থাকলে রক্ত Rh পজিটিভ এবং অনুপস্থিত থাকলে Rh নেগেটিভ হয়।,"If the D antigen is present on red cell membranes, blood is Rh positive; if absent, it is classified as Rh negative.",blood_science,International Society of Blood Transfusion,true
131,রক্তদানের পর কি ভিটামিন বা আয়রন সাপ্লিমেন্ট খাওয়া বাধ্যতামূলক?,Are iron or vitamin supplements mandatory after donating blood?,নিয়মিত পুষ্টিকর সুষম খাদ্য খেলে সাপ্লিমেন্ট বাধ্যতামূলক নয়। তবে চিকিৎসকের পরামর্শ ছাড়া কোনো ওষুধ খাবেন না।,"Not mandatory if maintaining a balanced, iron-rich diet. Never take unprescribed pharmacological supplements.",aftercare,WHO Nutritional Recovery Factsheet,true
132,BloodPulse কীভাবে ডোনারদের মাঝে বৈষম্যহীন সেবা নিশ্চিত করে?,How does BloodPulse ensure unbiased access for all patients?,"আমাদের অ্যালগরিদম কেবল ভৌগোলিক নৈকট্য, রক্তের গ্রুপ এবং চিকিৎসার জরুরিতার ভিত্তিতে ম্যাচ করে; কোনো সামাজিক পরিচয় দেখে নয়।","The matching algorithm filters purely by location proximity, blood compatibility, and medical urgency without bias.",policy,BloodPulse Ethical Framework,true
133,PulseAI কি ব্যবহারকারীর চ্যাট হিস্ট্রি সার্ভারে সংরক্ষণ করে?,Does PulseAI store user chat history on public servers?,না। চ্যাট ডেটা এনক্রিপ্ট করা থাকে এবং ব্যবহারকারী সেটিংস মেনু থেকে যেকোনো সময় তার সমস্ত চ্যাট মুছে ফেলতে পারেন।,No. Conversations are stored securely in isolated encrypted databases and users can purge their chat history anytime.,platform_guide,PulseAI Data Architecture,true
134,জরুরি রক্তের নোটিফিকেশন ফোনের কোন চ্যানেলের মাধ্যমে আসে?,Through which channels are emergency blood alerts delivered?,"ফায়ারবেস পুশ নোটিফিকেশন (FCM), অ্যাপ ব্যানার এবং উচ্চ সতর্কতামূলক ওয়েভে টেলিযোগাযোগ এসএমএস চ্যানেলের মাধ্যমে।","Alerts arrive via Firebase Cloud Messaging (FCM) push notifications, in-app banners, and telco SMS gateways.",platform_guide,BloodPulse Notification Matrix,true
135,স্বেচ্ছায় রক্তদান আন্দোলন সমাজে কেন জরুরি?,Why is voluntary unpaid blood donation crucial for society?,"স্বেচ্ছাসেবী রক্তদান নিশ্চিত করে যে রক্তের গুণগত মান নিরাপদ, সংক্রমণমুক্ত এবং কোনো আর্থিক শোষণের সুযোগ নেই।","Voluntary donation ensures safe, infection-free blood supplies while preventing the exploitation of vulnerable groups.",myths_and_facts,WHO Global Voluntary Donation Charter,true
136,রক্তদানের পর পুষ্টির জন্য স্থানীয় সহজলভ্য খাবার কী কী?,What affordable local foods help replenish blood in Bangladesh?,"কচু শাক, ডাল, ডিম, পেয়ারা, লেবু, গুড় এবং মৌসুমি তাজা ফল রক্ত পুনরুৎপাদনে অত্যন্ত সহায়ক।","Taro greens (kochu shak), lentils, eggs, guava, lemons, jaggery, and seasonal local fruits support rapid recovery.",aftercare,Institute of Public Health Nutrition Bangladesh,true
137,থাইরয়েড রোগী কি রক্ত দিতে পারবেন?,Can individuals with thyroid conditions donate blood?,যদি থাইরয়েড হরমোন স্বাভাবিক থাকে এবং ওষুধ সেবনের মাধ্যমে কোনো ক্লিনিক্যাল লক্ষণ না থাকে তবে রক্ত দেওয়া যায়।,Eligible if thyroid hormone levels are stable on medication with no active clinical symptoms of hypo/hyperthyroidism.,eligibility,American Red Cross Donor Guidelines,true
138,হার্নিয়া বা অ্যাপেন্ডিক্স অপারেশনের কত দিন পর রক্ত দেওয়া যায়?,How long after hernia or appendix surgery can I donate blood?,ক্ষত সম্পূর্ণ নিরাময় হওয়া এবং স্বাভাবিক শারীরিক কার্যক্রমে ফেরার অন্তত ৬ মাস পর রক্ত দেওয়া সম্ভব।,You must wait at least 6 months after complete wound healing and resumption of normal physical activities.,eligibility,Surgical Transfusion Deferral Protocols,true
139,রক্তদানের জন্য বয়সের সর্বোচ্চ সীমা কত?,What is the upper age limit for blood donors?,বাংলাদেশে নিয়মিত স্বাস্থ্যবান রক্তদাতাদের জন্য সাধারণত ৬০ থেকে ৬৫ বছর বয়স পর্যন্ত রক্তদান গ্রহণযোগ্য।,Healthy repeat donors can generally donate up to 60 to 65 years of age subject to physical medical clearance.,eligibility,Directorate General of Health Services Bangladesh,true
140,রক্তের প্লাটিলেট কমে গেলে কি শুধু সম্পূর্ণ রক্ত দিতে হয়?,Is whole blood required if a patient only has low platelets?,না। ডেঙ্গু বা ক্যান্সারের মতো ক্ষেত্রে রোগীর শুধুমাত্র একক প্লাটিলেট ব্যাগ (Platelet Concentrate/Apheresis) সঞ্চালন করা হয়।,"No. In conditions like dengue, doctors administer specific single-donor or random-donor platelet concentrates.",blood_science,Directorate General of Health Services Bangladesh,true
141,BloodPulse অ্যাপে কীভাবে পাসওয়ার্ড রিসেট করব?,How do I reset my password on the BloodPulse mobile app?,"লগইন স্ক্রিনে 'Forgot password' চাপুন, আপনার নিবন্ধিত ইমেইল দিন এবং ইমেইলে আসা ৬ ডিজিটের ওটিপি দিয়ে নতুন পাসওয়ার্ড দিন।","Tap 'Forgot password' on login screen, enter registered email, and input the 6-digit OTP code to set a new password.",platform_guide,BloodPulse Account Security Manual,true
142,রক্তদান প্রক্রিয়া চলাকালীন মাথা ঘোরা শুরু হলে কী করবেন?,What should I do if I start feeling dizzy while the needle is in my arm?,অবিলম্বে চিকিৎসক বা নার্সকে বলুন। তারা রক্ত সংগ্রহ থামিয়ে বেড নিচু করে দেবেন এবং প্রাথমিক শুশ্রূষা দেবেন।,"Alert the medical staff immediately. They will stop the draw, tilt the bed back, and apply immediate comfort measures.",donation_guide,Safe Phlebotomy Standards,true
143,BloodPulse প্ল্যাটফর্মে কোনো টেকনিক্যাল বাগ দেখলে কোথায় রিপোর্ট করব?,Where can I report technical bugs or issues on the BloodPulse app?,"প্রোফাইল থেকে Settings-এ যান, 'Contact Us' বা 'Feedback' অপশনে ক্লিক করে স্ক্রিনশটসহ সমস্যার বিবরণ পাঠিয়ে দিন।","Go to Settings under Profile, tap 'Contact Us' or 'Feedback', and submit the error description with screenshots.",platform_guide,BloodPulse Support Protocol,true
